name,cardNumber,set,rarity,type,energy,might,power,imageUrl,localImage,,,Image
Vilemaw (Alternate Art),UNL-060A/219,Unleashed,Showcase,Unit,8,8,2,https://cmsassets.rgpub.io/sanity/images/dsfx7636/game_data_live/229efda03d93b27741b8f9e86e1151b5c2a5095f-744x1039.png,api-images/UNL-060A-219_vilemaw-alternate-art.png,,,
Jhin - Virtuoso,UNL-181/219,Unleashed,Rare,Legend,,,,https://cmsassets.rgpub.io/sanity/images/dsfx7636/game_data_live/d1e6947cf43a19488a2c31f71a4887aa0423a966-744x1039.png,api-images/UNL-181-219_jhin-virtuoso.png,,,
Ivern - Friend to All (Alternate Art),UNL-177A/219,Unleashed,Showcase,Unit,6,6,,https://cmsassets.rgpub.io/sanity/images/dsfx7636/game_data_live/72462350a7842b6b81c022ac255ae0e82f3559fd-744x1039.png,api-images/UNL-177A-219_ivern-friend-to-all-alternate-art.png,,,
Atakhan,UNL-170/219,Unleashed,Rare,Unit,10,7,3,https://cmsassets.rgpub.io/sanity/images/dsfx7636/game_data_live/a0b3994aad6b6c64ace14193c1363713e6b6ede2-744x1039.png,api-images/UNL-170-219_atakhan.png,,,
Ashe - Focused,UNL-169/219,Unleashed,Rare,Unit,5,4,1,https://cmsassets.rgpub.io/sanity/images/dsfx7636/game_data_live/ebc033772f2005b7f39ba87ba9ea35f43df0da7a-744x1039.png,api-images/UNL-169-219_ashe-focused.png,,,
Diana - No Longer Human (Alternate Art),UNL-149A/219,Unleashed,Showcase,Unit,4,3,1,https://cmsassets.rgpub.io/sanity/images/dsfx7636/game_data_live/d9082f75895c8645e05c0a38edc1b1c83c508d84-744x1039.png,api-images/UNL-149A-219_diana-no-longer-human-alternate-art.png,,,
Diana - No Longer Human,UNL-149/219,Unleashed,Epic,Unit,4,3,1,https://cmsassets.rgpub.io/sanity/images/dsfx7636/game_data_live/37b015a64b6bc15e856c2d78e275b10e64db1de4-744x1039.png,api-images/UNL-149-219_diana-no-longer-human.png,,,
Insightful Investigator,UNL-135/219,Unleashed,Uncommon,Unit,3,3,,https://cmsassets.rgpub.io/sanity/images/dsfx7636/game_data_live/3540a748211afd35b9ef4873dae0850c238fa964-744x1039.png,api-images/UNL-135-219_insightful-investigator.png,,,
Crescent Guardian,UNL-122/219,Unleashed,Common,Unit,4,4,,https://cmsassets.rgpub.io/sanity/images/dsfx7636/game_data_live/0ff22e9a517d029fd17cfbbbc93ca2f90c2c676c-744x1039.png,api-images/UNL-122-219_crescent-guardian.png,,,
Lillia - Bashful Bloom (Overnumbered),UNL-230/219,Unleashed,Showcase,Legend,,,,https://cmsassets.rgpub.io/sanity/images/dsfx7636/game_data_live/5099aa2938091dfcc54277877e320a7f83aeeec1-744x1039.png,api-images/UNL-230-219_lillia-bashful-bloom-overnumbered.png,,,
Master Yi - Unstoppable (Alternate Art),UNL-059A/219,Unleashed,Showcase,Unit,12,12,3,https://cmsassets.rgpub.io/sanity/images/dsfx7636/game_data_live/cb53c3b70820fca73540223addbe5369b5267e15-744x1039.png,api-images/UNL-059A-219_master-yi-unstoppable-alternate-art.png,,,
Jhin - Murderous Artist (Alternate Art),UNL-022A/219,Unleashed,Showcase,Unit,4,4,1,https://cmsassets.rgpub.io/sanity/images/dsfx7636/game_data_live/0e67164270e12b8d91905e977a314c7248a343e9-744x1039.png,api-images/UNL-022A-219_jhin-murderous-artist-alternate-art.png,,,
Jhin - Murderous Artist,UNL-022/219,Unleashed,Rare,Unit,4,4,1,https://cmsassets.rgpub.io/sanity/images/dsfx7636/game_data_live/8da724a842cf61cb24c3c02dd99adc93a9222e06-744x1039.png,api-images/UNL-022-219_jhin-murderous-artist.png,,,
Dancing Grenade,UNL-020/219,Unleashed,Rare,Spell,2,,1,https://cmsassets.rgpub.io/sanity/images/dsfx7636/game_data_live/8afc30b1bc7cc1841dfe11cfa29adbcc02257845-744x1039.png,api-images/UNL-020-219_dancing-grenade.png,,,
Upstage Comedy,UNL-009/219,Unleashed,Common,Spell,2,,,https://cmsassets.rgpub.io/sanity/images/dsfx7636/game_data_live/4a636fcd682b32b41a4886c7383e781414139adb-744x1039.png,api-images/UNL-009-219_upstage-comedy.png,,,
Nilah - Joyful Ascetic,UNL-115/219,Unleashed,Rare,Unit,3,4,1,https://cmsassets.rgpub.io/sanity/images/dsfx7636/game_data_live/6138c519310f917461e09d90fe3f2a9480914947-744x1039.png,api-images/UNL-115-219_nilah-joyful-ascetic.png,,,
Alpha Strike,UNL-192/219,Unleashed,Epic,Spell,3,,1,https://cmsassets.rgpub.io/sanity/images/dsfx7636/game_data_live/154940caa774fd8219625cf051ddcb230ffc7f02-744x1039.png,api-images/UNL-192-219_alpha-strike.png,,,
Inviolus Vox,UNL-027/219,Unleashed,Epic,Unit,8,8,2,https://cmsassets.rgpub.io/sanity/images/dsfx7636/game_data_live/9b742ef3dc17f5da03d41e3349839037183b5ea9-744x1039.png,api-images/UNL-027-219_inviolus-vox.png,,,
Rift Herald,UNL-179/219,Unleashed,Epic,Unit,8,7,1,https://cmsassets.rgpub.io/sanity/images/dsfx7636/game_data_live/4da94f3af92222bebe7be49197ef8d840772d73d-744x1039.png,api-images/UNL-179-219_rift-herald.png,,,
Yuumi - Magical Cat,UNL-056/219,Unleashed,Rare,Unit,3,1,1,https://cmsassets.rgpub.io/sanity/images/dsfx7636/game_data_live/588ddfeb01ab7b37110d8a7e656cf9f35530ce4e-744x1039.png,api-images/UNL-056-219_yuumi-magical-cat.png,,,
Fresh Beans,UNL-011/219,Unleashed,Uncommon,Gear,2,,,https://cmsassets.rgpub.io/sanity/images/dsfx7636/game_data_live/1737d7d02cd0619a520aba258d1b40fdbb5d1129-744x1039.png,api-images/UNL-011-219_fresh-beans.png,,,
Poppy - Keeper of the Hammer,UNL-203/219,Unleashed,Rare,Legend,,,,https://cmsassets.rgpub.io/sanity/images/dsfx7636/game_data_live/ee1393b9bace7bfea4e87405b793bb5462305ed0-744x1039.png,api-images/UNL-203-219_poppy-keeper-of-the-hammer.png,,,
Poppy - Keeper of the Hammer (Signature),UNL-237*/219,Unleashed,Showcase,Legend,,,,https://cmsassets.rgpub.io/sanity/images/dsfx7636/game_data_live/c2b3ae8c4beac316128a8b7b1704a221abedec8e-744x1039.png,api-images/UNL-237*-219_poppy-keeper-of-the-hammer-signature.png,,,
Poppy - Keeper of the Hammer (Overnumbered),UNL-237/219,Unleashed,Showcase,Legend,,,,https://cmsassets.rgpub.io/sanity/images/dsfx7636/game_data_live/41321ddb3b1c63492285d1c3d067ee42ade502e4-744x1039.png,api-images/UNL-237-219_poppy-keeper-of-the-hammer-overnumbered.png,,,
Diana - Lunari,UNL-079/219,Unleashed,Rare,Unit,3,3,,https://cmsassets.rgpub.io/sanity/images/dsfx7636/game_data_live/3e284397713abb21d2c8d9b85202ab65d21689e9-744x1039.png,api-images/UNL-079-219_diana-lunari.png,,,
Ivern - Nurturer,UNL-051/219,Unleashed,Rare,Unit,5,4,1,https://cmsassets.rgpub.io/sanity/images/dsfx7636/game_data_live/a72b08dd57422d3441df88eb61c000cdb4ac688a-744x1039.png,api-images/UNL-051-219_ivern-nurturer.png,,,
Hunter's Machete,UNL-096/219,Unleashed,Common,Gear,3,,,https://cmsassets.rgpub.io/sanity/images/dsfx7636/game_data_live/374fd9220c204810c2b1abd48217b4d233362753-744x1039.png,api-images/UNL-096-219_hunter-s-machete.png,,,
Pyke - Returned,UNL-145/219,Unleashed,Rare,Unit,3,3,,https://cmsassets.rgpub.io/sanity/images/dsfx7636/game_data_live/2eaa5396b1cac9b245bde5a56b87314f8ae76a38-744x1039.png,api-images/UNL-145-219_pyke-returned.png,,,
Kha'Zix - Voidreaver (Overnumbered),UNL-236/219,Unleashed,Showcase,Legend,,,,https://cmsassets.rgpub.io/sanity/images/dsfx7636/game_data_live/ffed0102adcae6fe01d173042487ea85ebe899bc-744x1039.png,api-images/UNL-236-219_kha-zix-voidreaver-overnumbered.png,,,
Diana - Scorn of the Moon (Signature),UNL-234*/219,Unleashed,Showcase,Legend,,,,https://cmsassets.rgpub.io/sanity/images/dsfx7636/game_data_live/9782a99fcb36b09adc5d97cdc29595682f26220d-744x1039.png,api-images/UNL-234*-219_diana-scorn-of-the-moon-signature.png,,,
Diana - Scorn of the Moon (Overnumbered),UNL-234/219,Unleashed,Showcase,Legend,,,,https://cmsassets.rgpub.io/sanity/images/dsfx7636/game_data_live/8bd4006c34aa020211e501e3cb7ee14ab5b4c41f-744x1039.png,api-images/UNL-234-219_diana-scorn-of-the-moon-overnumbered.png,,,
Ivern - Green Father (Signature),UNL-233*/219,Unleashed,Showcase,Legend,,,,https://cmsassets.rgpub.io/sanity/images/dsfx7636/game_data_live/76283fb4384cf39408489f35d00827e0d5b1f9bb-744x1039.png,api-images/UNL-233*-219_ivern-green-father-signature.png,,,
Ivern - Green Father (Overnumbered),UNL-233/219,Unleashed,Showcase,Legend,,,,https://cmsassets.rgpub.io/sanity/images/dsfx7636/game_data_live/d200178cde5075990f7ca1856675d02c4c2538be-744x1039.png,api-images/UNL-233-219_ivern-green-father-overnumbered.png,,,
Lillia - Bashful Bloom (Signature),UNL-230*/219,Unleashed,Showcase,Legend,,,,https://cmsassets.rgpub.io/sanity/images/dsfx7636/game_data_live/8d270600e9ec7472cbb51eb56ad0799b7be38c7b-744x1039.png,api-images/UNL-230*-219_lillia-bashful-bloom-signature.png,,,
Abandon,UNL-131/219,Unleashed,Uncommon,Spell,2,,,https://cmsassets.rgpub.io/sanity/images/dsfx7636/game_data_live/89929cfa4417c99576477793529c6808af145919-744x1039.png,api-images/UNL-131-219_abandon.png,,,
Kha'Zix - Voidreaver (Signature),UNL-236*/219,Unleashed,Showcase,Legend,,,,https://cmsassets.rgpub.io/sanity/images/dsfx7636/game_data_live/e3bff5dc4489376697823d056b42eba7b90566b6-744x1039.png,api-images/UNL-236*-219_kha-zix-voidreaver-signature.png,,,
Mirror Image,UNL-200/219,Unleashed,Epic,Spell,3,,2,https://cmsassets.rgpub.io/sanity/images/dsfx7636/game_data_live/a7ef8a09c0297cd796c4e2dee15922745ede7417-744x1039.png,api-images/UNL-200-219_mirror-image.png,,,
LeBlanc - Deceiver,UNL-199/219,Unleashed,Rare,Legend,,,,https://cmsassets.rgpub.io/sanity/images/dsfx7636/game_data_live/c17d29602d61d6702372fec4db44c6fb2a29e8a2-744x1039.png,api-images/UNL-199-219_leblanc-deceiver.png,,,
Nidalee - Cat Form,UNL-114/219,Unleashed,Rare,Unit,3,4,1,https://cmsassets.rgpub.io/sanity/images/dsfx7636/game_data_live/0e51e39dfe4f922b2c8c9bff785d170350e9b803-744x1039.png,api-images/UNL-114-219_nidalee-cat-form.png,,,
Gemhand Hunter,UNL-094/219,Unleashed,Common,Unit,2,2,,https://cmsassets.rgpub.io/sanity/images/dsfx7636/game_data_live/d824d666dc5f50c3c513c3f9722f6eafe21c6289-744x1039.png,api-images/UNL-094-219_gemhand-hunter.png,,,
Master Yi - Unstoppable,UNL-059/219,Unleashed,Epic,Unit,12,12,3,https://cmsassets.rgpub.io/sanity/images/dsfx7636/game_data_live/8a6d46d701eebaff0850a5b7400816517006d7e9-744x1039.png,api-images/UNL-059-219_master-yi-unstoppable.png,,,
Ivern - Friend to All,UNL-177/219,Unleashed,Epic,Unit,6,6,,https://cmsassets.rgpub.io/sanity/images/dsfx7636/game_data_live/e450956e0561ddca36558d095b71d3b60dff8b03-744x1039.png,api-images/UNL-177-219_ivern-friend-to-all.png,,,
Lilting Lullaby,UNL-190/219,Unleashed,Epic,Spell,2,,2,https://cmsassets.rgpub.io/sanity/images/dsfx7636/game_data_live/272b71b493575e38ff8888ec187cd33e54c0eacc-744x1039.png,api-images/UNL-190-219_lilting-lullaby.png,,,
Baron Nashor (Alternate Art),UNL-147A/219,Unleashed,Showcase,Unit,10,12,3,https://cmsassets.rgpub.io/sanity/images/dsfx7636/game_data_live/97d0f7aa81f67bf8f4a19099c648a23a2df169ae-744x1039.png,api-images/UNL-147A-219_baron-nashor-alternate-art.png,,,
Downstage Dramatics,UNL-061/219,Unleashed,Common,Spell,2,,,https://cmsassets.rgpub.io/sanity/images/dsfx7636/game_data_live/d76418eabcddbea148f3331913223b79a39aabda-744x1039.png,api-images/UNL-061-219_downstage-dramatics.png,,,
Frigid Jewel,UNL-074/219,Unleashed,Uncommon,Gear,2,,,https://cmsassets.rgpub.io/sanity/images/dsfx7636/game_data_live/f1a6c28649bf4478b4728379b6d548058739f0e9-744x1039.png,api-images/UNL-074-219_frigid-jewel.png,,,
Vilemaw,UNL-060/219,Unleashed,Epic,Unit,8,8,2,https://cmsassets.rgpub.io/sanity/images/dsfx7636/game_data_live/cb6dde0284f9ef84cbc9c0f07d2e7aac2fe6f919-744x1039.png,api-images/UNL-060-219_vilemaw.png,,,
Mutated Mouser,UNL-036/219,Unleashed,Common,Unit,2,1,,https://cmsassets.rgpub.io/sanity/images/dsfx7636/game_data_live/20276519677a4d1ebe230aaad7692588e1e8d046-744x1039.png,api-images/UNL-036-219_mutated-mouser.png,,,
Crowd Favorite,UNL-102/219,Unleashed,Uncommon,Unit,3,3,,https://cmsassets.rgpub.io/sanity/images/dsfx7636/game_data_live/0031569ff123a8317e1be753f0bd895501bf838b-744x1039.png,api-images/UNL-102-219_crowd-favorite.png,,,
Ivern - Green Father,UNL-195/219,Unleashed,Rare,Legend,,,,https://cmsassets.rgpub.io/sanity/images/dsfx7636/game_data_live/a2ca02d26c1e95db03690729bd31113bda7e4140-744x1039.png,api-images/UNL-195-219_ivern-green-father.png,,,
Kha'Zix - Voidreaver,UNL-201/219,Unleashed,Rare,Legend,,,,https://cmsassets.rgpub.io/sanity/images/dsfx7636/game_data_live/a5db0b3340a189de1cf9d8174b11eb583f19ea28-744x1039.png,api-images/UNL-201-219_kha-zix-voidreaver.png,,,
Mischevious Marai,UNL-003/219,Unleashed,Common,Unit,2,2,,https://cmsassets.rgpub.io/sanity/images/dsfx7636/game_data_live/fb2e82cca7aa93c857ed1fe54de7344016779520-744x1039.png,api-images/UNL-003-219_mischevious-marai.png,,,
Mosstomper,UNL-047/219,Unleashed,Uncommon,Unit,3,3,1,https://cmsassets.rgpub.io/sanity/images/dsfx7636/game_data_live/0ea32d0f6f49c0b48b1ea2cc98fe0a3c540bc9db-744x1039.png,api-images/UNL-047-219_mosstomper.png,,,
Inferna,UNL-002/219,Unleashed,Common,Unit,2,1,,https://cmsassets.rgpub.io/sanity/images/dsfx7636/game_data_live/5db9d66fc22887e8686a13ffdfe480106cbd3b35-744x1039.png,api-images/UNL-002-219_inferna.png,,,
Vex - Gloomist,UNL-193/219,Unleashed,Rare,Legend,,,,https://cmsassets.rgpub.io/sanity/images/dsfx7636/game_data_live/653e9b8fc4989bba59aa7ade4e0c33ffd5596e5a-744x1039.png,api-images/UNL-193-219_vex-gloomist.png,,,
Rengar - Trophy Hunter,UNL-120/219,Unleashed,Epic,Unit,5,6,1,https://cmsassets.rgpub.io/sanity/images/dsfx7636/game_data_live/8e159fd8aa9bb349e32bda6a10b0178cc28ca8dd-744x1039.png,api-images/UNL-120-219_rengar-trophy-hunter.png,,,
Rengar - Trophy Hunter (Alternate Art),UNL-120A/219,Unleashed,Showcase,Unit,5,6,1,https://cmsassets.rgpub.io/sanity/images/dsfx7636/game_data_live/7e6d106e0170e7f45341c1755f829f286d782bb7-744x1039.png,api-images/UNL-120A-219_rengar-trophy-hunter-alternate-art.png,,,
Hwei - Brooding Painter,UNL-080/219,Unleashed,Rare,Unit,5,5,1,https://cmsassets.rgpub.io/sanity/images/dsfx7636/game_data_live/ddbb13ba5617cc443b9a3a51485b1697da570121-744x1039.png,api-images/UNL-080-219_hwei-brooding-painter.png,,,
Vi - Piltover Enforcer,UNL-187/219,Unleashed,Rare,Legend,,,,https://cmsassets.rgpub.io/sanity/images/dsfx7636/game_data_live/b52fca3d644599008c4b1a67ffd359a9f9c4d8d7-744x1039.png,api-images/UNL-187-219_vi-piltover-enforcer.png,,,
LeBlanc - Everywhere At Once,UNL-090/219,Unleashed,Epic,Unit,4,4,,https://cmsassets.rgpub.io/sanity/images/dsfx7636/game_data_live/a0389576206b1e750a0852c6ff46efd2646d47da-744x1039.png,api-images/UNL-090-219_leblanc-everywhere-at-once.png,,,
Curtain Call,UNL-182/219,Unleashed,Epic,Spell,4,,,https://cmsassets.rgpub.io/sanity/images/dsfx7636/game_data_live/01496068d9a8d5567672d802bd008297bd1fe8cc-744x1039.png,api-images/UNL-182-219_curtain-call.png,,,
Heedless Resurrection,UNL-142/219,Unleashed,Rare,Spell,2,,1,https://cmsassets.rgpub.io/sanity/images/dsfx7636/game_data_live/92419d138824a7d46155b59f0e5903196d68d9f7-744x1039.png,api-images/UNL-142-219_heedless-resurrection.png,,,
Sacrifice,UNL-173/219,Unleashed,Rare,Spell,1,,,https://cmsassets.rgpub.io/sanity/images/dsfx7636/game_data_live/139153ae4b4f786442018c09765c67e35515df24-744x1039.png,api-images/UNL-173-219_sacrifice.png,,,
Smite,UNL-007/219,Unleashed,Common,Spell,2,,1,https://cmsassets.rgpub.io/sanity/images/dsfx7636/game_data_live/f46252e8c65a2eb3f476ea51f214af7651d0622d-744x1039.png,api-images/UNL-007-219_smite.png,,,
Jhin - Meticulous Killer,UNL-089/219,Unleashed,Epic,Unit,4,4,,https://cmsassets.rgpub.io/sanity/images/dsfx7636/game_data_live/88fb6023ee9bd90fef3f36995ca27615dcd669f7-744x1039.png,api-images/UNL-089-219_jhin-meticulous-killer.png,,,
Jhin - Meticulous Killer (Alternate Art),UNL-089A/219,Unleashed,Showcase,Unit,4,4,,https://cmsassets.rgpub.io/sanity/images/dsfx7636/game_data_live/992e0a23ba7ad3fe88410f023bb1311195e1863a-744x1039.png,api-images/UNL-089A-219_jhin-meticulous-killer-alternate-art.png,,,
Iascylla,UNL-050/219,Unleashed,Rare,Unit,7,6,1,https://cmsassets.rgpub.io/sanity/images/dsfx7636/game_data_live/debdbfa22e4e75822fe1fbf0e7ab14bccbbdf191-744x1039.png,api-images/UNL-050-219_iascylla.png,,,
Teemo - Scout,PR-197/298,Riftbound Promotional Cards,Promo,Unit,2,1,,https://cmsassets.rgpub.io/sanity/images/dsfx7636/game_data_live/ca8a2e11dd78dd09ad1c9ad3a23e5699254b947e-744x1039.png,api-images/PR-197-298_teemo-scout.png,,,
Jinx - Rebel,PR-202/298,Riftbound Promotional Cards,Promo,Unit,5,5,1,https://cmsassets.rgpub.io/sanity/images/dsfx7636/game_data_live/a7fe105f40df66525be51bd18e25506945a7b027-744x1039.png,api-images/PR-202-298_jinx-rebel.png,,,
Heimerdinger - Inventor,PR-111A/298,Riftbound Promotional Cards,Promo,Unit,3,3,1,https://cmsassets.rgpub.io/sanity/images/dsfx7636/game_data_live/5b14a5f9d567c90329c151a8cc72d870b47b1434-744x1039.png,api-images/PR-111A-298_heimerdinger-inventor.png,,,
Caitlyn - Patrolling,PR-068A/298,Riftbound Promotional Cards,Promo,Unit,3,3,1,https://cmsassets.rgpub.io/sanity/images/dsfx7636/game_data_live/51e6bacf25d19e7c391367ff107efb9e0b9f1ff5-744x1039.png,api-images/PR-068A-298_caitlyn-patrolling.png,,,
Warwick - Hunter,PR-159A/298,Riftbound Promotional Cards,Promo,Unit,6,5,1,https://cmsassets.rgpub.io/sanity/images/dsfx7636/game_data_live/fcbf878905001fa81858e9f081346fd05425f264-744x1039.png,api-images/PR-159A-298_warwick-hunter.png,,,
Aspirant's Climb,PR-276A/298,Riftbound Promotional Cards,Promo,Battlefield,,,,https://cmsassets.rgpub.io/sanity/images/dsfx7636/game_data_live/9301593f3800e68427469d38181b578a672473c3-1038x744.png,api-images/PR-276A-298_aspirant-s-climb.png,,,
The Grand Plaza,PR-293A/298,Riftbound Promotional Cards,Promo,Battlefield,,,,https://cmsassets.rgpub.io/sanity/images/dsfx7636/game_data_live/f9ca8d04cb269ad99bca7e6dae874cad1bec336a-1038x744.png,api-images/PR-293A-298_the-grand-plaza.png,,,
Bandle Tree,PR-278A/298,Riftbound Promotional Cards,Promo,Battlefield,,,,https://cmsassets.rgpub.io/sanity/images/dsfx7636/game_data_live/538f93a34006c4afaddb890cbc75b4db222f1783-1038x744.png,api-images/PR-278A-298_bandle-tree.png,,,
Teemo - Swift Scout (Alternate Art),PR-263A/298,Riftbound Promotional Cards,Promo,Legend,,,,https://cmsassets.rgpub.io/sanity/images/dsfx7636/game_data_live/9723181e3392bb61c2aabc804a44f7b0558cedf1-744x1039.png,api-images/PR-263A-298_teemo-swift-scout-alternate-art.png,,,
Vi - Destructive,PR-036A/298,Riftbound Promotional Cards,Promo,Unit,2,3,1,https://cmsassets.rgpub.io/sanity/images/dsfx7636/game_data_live/7ab52254ac49b8853fc7ae65b03aaee3f8c5994a-744x1039.png,api-images/PR-036A-298_vi-destructive.png,,,
Ahri - Alluring (Launch Exclusive),PR-066/298,Riftbound Promotional Cards,Promo,Unit,5,4,1,https://cmsassets.rgpub.io/sanity/images/dsfx7636/game_data_live/fabbcc2f83f397cf07299236a702db05a151053b-744x1039.png,api-images/PR-066-298_ahri-alluring-launch-exclusive.png,,,
Daring Poro (Overnumbered),UNL-225/219,Unleashed,Showcase,Unit,2,2,,https://cmsassets.rgpub.io/sanity/images/dsfx7636/game_data_live/9b097e8f9866788e0de2bfada48627c752d3e4b9-744x1039.png,api-images/UNL-225-219_daring-poro-overnumbered.png,,,
Mystic Poro (Overnumbered),UNL-224/219,Unleashed,Showcase,Unit,2,2,,https://cmsassets.rgpub.io/sanity/images/dsfx7636/game_data_live/2fdb5e1ff9aae4137910fa59065b69ef17144752-744x1039.png,api-images/UNL-224-219_mystic-poro-overnumbered.png,,,
Veteran Poro (Overnumbered),UNL-223/219,Unleashed,Showcase,Unit,2,2,,https://cmsassets.rgpub.io/sanity/images/dsfx7636/game_data_live/337f38fae6a4d801fc14abcda2a7d09c3e7e6ae3-744x1039.png,api-images/UNL-223-219_veteran-poro-overnumbered.png,,,
Plundering Poro (Overnumbered),UNL-222/219,Unleashed,Showcase,Unit,2,2,,https://cmsassets.rgpub.io/sanity/images/dsfx7636/game_data_live/c6c996fcead364682a031f32948a084101d83493-744x1039.png,api-images/UNL-222-219_plundering-poro-overnumbered.png,,,
Lonely Poro (Overnumbered),UNL-221/219,Unleashed,Showcase,Unit,2,2,,https://cmsassets.rgpub.io/sanity/images/dsfx7636/game_data_live/82b7043ef6519a4c7e2eb7d45cb6ae91dfd749ca-744x1039.png,api-images/UNL-221-219_lonely-poro-overnumbered.png,,,
Pouty Poro (Overnumbered),UNL-220/219,Unleashed,Showcase,Unit,2,2,,https://cmsassets.rgpub.io/sanity/images/dsfx7636/game_data_live/0c91b90d91c4f988aa9942dd9e06a634a66c6975-744x1039.png,api-images/UNL-220-219_pouty-poro-overnumbered.png,,,
Keeper's Verdict,UNL-204/219,Unleashed,Epic,Spell,2,,2,https://cmsassets.rgpub.io/sanity/images/dsfx7636/game_data_live/90dcafd8ca6cedd534416232ebd29c451f12107c-744x1039.png,api-images/UNL-204-219_keeper-s-verdict.png,,,
Viktor - Leader,PR-246A/298,Riftbound Promotional Cards,Promo,Unit,4,4,1,https://cmsassets.rgpub.io/sanity/images/dsfx7636/game_data_live/ab390d6d074c3f07abba000cc166faa1796ec464-744x1039.png,api-images/PR-246A-298_viktor-leader.png,,,
Viktor - Leader,OPP-246/298,Riftbound Organized Play Promotional Cards,Promo,Unit,4,4,1,https://cmsassets.rgpub.io/sanity/images/dsfx7636/game_data_live/ab390d6d074c3f07abba000cc166faa1796ec464-744x1039.png,api-images/OPP-246-298_viktor-leader.png,,,
Jinx - Rebel,OPP-202/298,Riftbound Organized Play Promotional Cards,Promo,Unit,5,5,1,https://cmsassets.rgpub.io/sanity/images/dsfx7636/game_data_live/a7fe105f40df66525be51bd18e25506945a7b027-744x1039.png,api-images/OPP-202-298_jinx-rebel.png,,,
Lee Sin - Ascetic,OPP-078/298,Riftbound Organized Play Promotional Cards,Promo,Unit,5,5,1,https://cmsassets.rgpub.io/sanity/images/dsfx7636/game_data_live/70734e8833bfbbdb2736407c449f418553e3cf7c-744x1039.png,api-images/OPP-078-298_lee-sin-ascetic.png,,,
Sett - The Boss,OPP-269/298,Riftbound Organized Play Promotional Cards,Promo,Legend,,,,https://cmsassets.rgpub.io/sanity/images/dsfx7636/game_data_live/b132becb843b2cf418cb110ead64758f49f51554-744x1039.png,api-images/OPP-269-298_sett-the-boss.png,,,
Teemo - Swift Scout,OPP-263/298,Riftbound Organized Play Promotional Cards,Promo,Legend,,,,https://cmsassets.rgpub.io/sanity/images/dsfx7636/game_data_live/9723181e3392bb61c2aabc804a44f7b0558cedf1-744x1039.png,api-images/OPP-263-298_teemo-swift-scout.png,,,
Miss Fortune - Bounty Hunter,OPP-267/298,Riftbound Organized Play Promotional Cards,Promo,Legend,,,,https://cmsassets.rgpub.io/sanity/images/dsfx7636/game_data_live/cc11261fcdbf0851525030bd9e835b718efad3bc-744x1040.png,api-images/OPP-267-298_miss-fortune-bounty-hunter.png,,,
Viktor - Herald of the Arcane,OPP-265/298,Riftbound Organized Play Promotional Cards,Promo,Legend,,,,https://cmsassets.rgpub.io/sanity/images/dsfx7636/game_data_live/913236dabf1e4f71650bbba46870fff8163e2eff-744x1039.png,api-images/OPP-265-298_viktor-herald-of-the-arcane.png,,,
Leona - Radiant Dawn,OPP-261/298,Riftbound Organized Play Promotional Cards,Promo,Legend,,,,https://cmsassets.rgpub.io/sanity/images/dsfx7636/game_data_live/822b8bc7987a47498550708b18ef166b121fd620-744x1039.png,api-images/OPP-261-298_leona-radiant-dawn.png,,,
Yasuo - Unforgiven,OPP-259/298,Riftbound Organized Play Promotional Cards,Promo,Legend,,,,https://cmsassets.rgpub.io/sanity/images/dsfx7636/game_data_live/68e4d3230b785738ae9d86f780f7f5607ef11807-744x1040.png,api-images/OPP-259-298_yasuo-unforgiven.png,,,
Ahri - Nine-Tailed Fox,OPP-255/298,Riftbound Organized Play Promotional Cards,Promo,Legend,,,,https://cmsassets.rgpub.io/sanity/images/dsfx7636/game_data_live/fbce641f5e4d8cdf2956e8ead5884b6cd3ccd90d-744x1040.png,api-images/OPP-255-298_ahri-nine-tailed-fox.png,,,
Lee Sin - Blind Monk,OPP-257/298,Riftbound Organized Play Promotional Cards,Promo,Legend,,,,https://cmsassets.rgpub.io/sanity/images/dsfx7636/game_data_live/ffe064e002d3b9a366748eb85102a769b2545835-744x1039.png,api-images/OPP-257-298_lee-sin-blind-monk.png,,,
Jinx - Loose Cannon,OPP-251/298,Riftbound Organized Play Promotional Cards,Promo,Legend,,,,https://cmsassets.rgpub.io/sanity/images/dsfx7636/game_data_live/f57c14381b126e9f5a7b5bc4913151cb24c14fc3-744x1039.png,api-images/OPP-251-298_jinx-loose-cannon.png,,,
Darius - Hand of Noxus,OPP-253/298,Riftbound Organized Play Promotional Cards,Promo,Legend,,,,https://cmsassets.rgpub.io/sanity/images/dsfx7636/game_data_live/5b9a904048b7fb936377844ec2d31564b7fedf81-744x1039.png,api-images/OPP-253-298_darius-hand-of-noxus.png,,,
Kai'Sa - Daughter of the Void,OPP-247/298,Riftbound Organized Play Promotional Cards,Promo,Legend,,,,https://cmsassets.rgpub.io/sanity/images/dsfx7636/game_data_live/a576472c7bb00f475882ac814e1d8f9be233b402-744x1040.png,api-images/OPP-247-298_kai-sa-daughter-of-the-void.png,,,
Blue Sentinel,UNL-087/219,Unleashed,Epic,Unit,4,4,1,https://cmsassets.rgpub.io/sanity/images/dsfx7636/game_data_live/bec7e8f108fac2d9c94db01c85cf143133d13325-744x1039.png,api-images/UNL-087-219_blue-sentinel.png,,,
Master Yi - Tempered (Alternate Art),UNL-113A/219,Unleashed,Showcase,Unit,4,4,,https://cmsassets.rgpub.io/sanity/images/dsfx7636/game_data_live/1adb032501aac0070ea1bb0ca31c4efa11cd31a3-744x1039.png,api-images/UNL-113A-219_master-yi-tempered-alternate-art.png,,,
Master Yi - Tempered,UNL-113/219,Unleashed,Rare,Unit,4,4,,https://cmsassets.rgpub.io/sanity/images/dsfx7636/game_data_live/a21feb3555825392fdb98f868840db3827ad0389-744x1039.png,api-images/UNL-113-219_master-yi-tempered.png,,,
Call to Battle,UNL-101/219,Unleashed,Uncommon,Spell,3,,,https://cmsassets.rgpub.io/sanity/images/dsfx7636/game_data_live/3c7e0f93c72654f786f5df37895c6e95fa9d4d60-744x1039.png,api-images/UNL-101-219_call-to-battle.png,,,
Demacian Diplomat,UNL-092/219,Unleashed,Common,Unit,2,2,,https://cmsassets.rgpub.io/sanity/images/dsfx7636/game_data_live/dabc873f161248d3c959932ee54b5cf550c471b9-744x1039.png,api-images/UNL-092-219_demacian-diplomat.png,,,
LeBlanc - Everywhere At Once (Alternate Art),UNL-090A/219,Unleashed,Showcase,Unit,4,4,,https://cmsassets.rgpub.io/sanity/images/dsfx7636/game_data_live/0850c122c2528fadab0fa95ae1fd329288208afe-744x1039.png,api-images/UNL-090A-219_leblanc-everywhere-at-once-alternate-art.png,,,
Gutter Palace,UNL-088/219,Unleashed,Epic,Gear,4,,,https://cmsassets.rgpub.io/sanity/images/dsfx7636/game_data_live/f1addf7bb3925871cbcf4615f5a449dc61f762da-744x1039.png,api-images/UNL-088-219_gutter-palace.png,,,
Ivern - Nurturer (Alternate Art),UNL-051A/219,Unleashed,Showcase,Unit,5,4,1,https://cmsassets.rgpub.io/sanity/images/dsfx7636/game_data_live/4564b2f80dd53a8bcbca1633eb1ef69455692c58-744x1039.png,api-images/UNL-051A-219_ivern-nurturer-alternate-art.png,,,
Blue Sentinel (Alternate Art),UNL-087A/219,Unleashed,Showcase,Unit,4,4,1,https://cmsassets.rgpub.io/sanity/images/dsfx7636/game_data_live/d6c05e13dfb9ce38cc4d829d33acaf1560abe62a-744x1039.png,api-images/UNL-087A-219_blue-sentinel-alternate-art.png,,,
Kha'Zix - Evolving Hunter,UNL-119/219,Unleashed,Epic,Unit,5,5,1,https://cmsassets.rgpub.io/sanity/images/dsfx7636/game_data_live/ac07031af5b35881d781b7a7d7b78c59a0fb2cd4-744x1039.png,api-images/UNL-119-219_kha-zix-evolving-hunter.png,,,
Crescent Strike,UNL-072/219,Unleashed,Uncommon,Spell,3,,1,https://cmsassets.rgpub.io/sanity/images/dsfx7636/game_data_live/34ab7eff1eb8833ab8b9978eac18c4fb18b1ac81-744x1039.png,api-images/UNL-072-219_crescent-strike.png,,,
Icevale Archer,UNL-065/219,Unleashed,Common,Unit,2,2,,https://cmsassets.rgpub.io/sanity/images/dsfx7636/game_data_live/c14db2ae064ccee80d8ec373f9fe9b4f44776e3e-744x1039.png,api-images/UNL-065-219_icevale-archer.png,,,
Lillia - Protector of Dreams,UNL-058/219,Unleashed,Epic,Unit,5,4,,https://cmsassets.rgpub.io/sanity/images/dsfx7636/game_data_live/daa5fe15e0a1c14c8dbb8f858d8a6d444ea6096e-744x1039.png,api-images/UNL-058-219_lillia-protector-of-dreams.png,,,
Lillia - Protector of Dreams (Alternate Art),UNL-058A/219,Unleashed,Showcase,Unit,5,4,,https://cmsassets.rgpub.io/sanity/images/dsfx7636/game_data_live/92cdae8b6bfef70d0a38761f1dc4aa771a37753a-744x1039.png,api-images/UNL-058A-219_lillia-protector-of-dreams-alternate-art.png,,,
Shadow Watcher,UNL-037/219,Unleashed,Common,Unit,4,5,1,https://cmsassets.rgpub.io/sanity/images/dsfx7636/game_data_live/f6f5ff413efc57d7948b4b9a46a4bba6eebd39d2-744x1039.png,api-images/UNL-037-219_shadow-watcher.png,,,
Vi - Hotheaded (Alternate Art),UNL-030A/219,Unleashed,Showcase,Unit,4,3,,https://cmsassets.rgpub.io/sanity/images/dsfx7636/game_data_live/646df8e81d42025a558112775fc1032c86cab2d0-744x1039.png,api-images/UNL-030A-219_vi-hotheaded-alternate-art.png,,,
Vi - Hotheaded,UNL-030/219,Unleashed,Epic,Unit,4,3,,https://cmsassets.rgpub.io/sanity/images/dsfx7636/game_data_live/03a55e8d494d7efe20da792365161f5c43c20779-744x1039.png,api-images/UNL-030-219_vi-hotheaded.png,,,
Diana - Scorn of the Moon,UNL-197/219,Unleashed,Rare,Legend,,,,https://cmsassets.rgpub.io/sanity/images/dsfx7636/game_data_live/b00d922d62daca19190e13149fe3cf725c900330-744x1039.png,api-images/UNL-197-219_diana-scorn-of-the-moon.png,,,
Kha'Zix - Evolving Hunter (Alternate Art),UNL-119A/219,Unleashed,Showcase,Unit,5,5,1,https://cmsassets.rgpub.io/sanity/images/dsfx7636/game_data_live/6998b6c309c93d549284638ff0a3e20c75691978-744x1039.png,api-images/UNL-119A-219_kha-zix-evolving-hunter-alternate-art.png,,,
Star-Crossed,UNL-128/219,Unleashed,Common,Spell,3,,1,https://cmsassets.rgpub.io/sanity/images/dsfx7636/game_data_live/0bfa45e6e86dfc256de0163f96273b761e9592fb-744x1039.png,api-images/UNL-128-219_star-crossed.png,,,
Walking Roost,UNL-130/219,Unleashed,Common,Unit,5,6,,https://cmsassets.rgpub.io/sanity/images/dsfx7636/game_data_live/d9b344b4b29b2baab0a1dc2e16a6e946192edaf5-744x1039.png,api-images/UNL-130-219_walking-roost.png,,,
Sinister Poro,UNL-137/219,Unleashed,Uncommon,Unit,2,1,1,https://cmsassets.rgpub.io/sanity/images/dsfx7636/game_data_live/7f2a623a83556bafebfbe7cb280bdedcfe116531-744x1039.png,api-images/UNL-137-219_sinister-poro.png,,,
The List,UNL-138/219,Unleashed,Uncommon,Gear,1,,,https://cmsassets.rgpub.io/sanity/images/dsfx7636/game_data_live/f35b49faeb444071445662c9af13710c00a4569c-744x1039.png,api-images/UNL-138-219_the-list.png,,,
Pyke - Returned (Alternate Art),UNL-145A/219,Unleashed,Showcase,Unit,3,3,,https://cmsassets.rgpub.io/sanity/images/dsfx7636/game_data_live/14a9712798a0b13bfa29ed841f171a21e7fdf035-744x1039.png,api-images/UNL-145A-219_pyke-returned-alternate-art.png,,,
Cursed Sarcophagus,UNL-148/219,Unleashed,Epic,Gear,4,,1,https://cmsassets.rgpub.io/sanity/images/dsfx7636/game_data_live/ae3823d4109d9bbae8c7983ec1c1082ba5b4f190-744x1039.png,api-images/UNL-148-219_cursed-sarcophagus.png,,,
Crimson Pigeons,UNL-154/219,Unleashed,Common,Unit,3,3,,https://cmsassets.rgpub.io/sanity/images/dsfx7636/game_data_live/68786cd39a886a586b401d6bf818a80bf9f9e2cd-744x1039.png,api-images/UNL-154-219_crimson-pigeons.png,,,
Loyal Poro,UNL-156/219,Unleashed,Common,Unit,3,3,,https://cmsassets.rgpub.io/sanity/images/dsfx7636/game_data_live/860e1afc7364a002c6305ece7b6941e2e328d0a4-744x1039.png,api-images/UNL-156-219_loyal-poro.png,,,
Scrutinizing Sergeant,UNL-157/219,Unleashed,Common,Unit,6,6,,https://cmsassets.rgpub.io/sanity/images/dsfx7636/game_data_live/18a034ba1f4eaf7204312ca68ffb413012f6cf6b-744x1039.png,api-images/UNL-157-219_scrutinizing-sergeant.png,,,
Ultrasoft Poro,UNL-160/219,Unleashed,Common,Unit,5,5,,https://cmsassets.rgpub.io/sanity/images/dsfx7636/game_data_live/36900508e2ce61196450a4bf7e27722ae36521d9-744x1039.png,api-images/UNL-160-219_ultrasoft-poro.png,,,
Stalking Wolf,UNL-166/219,Unleashed,Uncommon,Unit,4,6,1,https://cmsassets.rgpub.io/sanity/images/dsfx7636/game_data_live/5f5f66caad21d59bf966ddc501bb4f9c84a595c6-744x1039.png,api-images/UNL-166-219_stalking-wolf.png,,,
Rengar - Pridestalker,UNL-183/219,Unleashed,Rare,Legend,,,,https://cmsassets.rgpub.io/sanity/images/dsfx7636/game_data_live/b3d3085f62aee993b9f5b80d4659a88439da83be-744x1039.png,api-images/UNL-183-219_rengar-pridestalker.png,,,
Pyke - Bloodharbor Ripper,UNL-185/219,Unleashed,Rare,Legend,,,,https://cmsassets.rgpub.io/sanity/images/dsfx7636/game_data_live/8ca1bfde8d898a11a6abc73bbab8fc7092b0dcb4-744x1039.png,api-images/UNL-185-219_pyke-bloodharbor-ripper.png,,,
Master Yi - Wuju Master,UNL-191/219,Unleashed,Rare,Legend,,,,https://cmsassets.rgpub.io/sanity/images/dsfx7636/game_data_live/ed9af55066593b4ee738b9529b847f2f738078e0-744x1039.png,api-images/UNL-191-219_master-yi-wuju-master.png,,,
Eager Drakehound,SFD-006/221,Spiritforged,Common,Unit,3,3,1,https://cmsassets.rgpub.io/sanity/images/dsfx7636/game_data_live/ac0fac5af309842ba91b4b8d80e1abd47622e14a-744x1039.png,api-images/SFD-006-221_eager-drakehound.png,,,
Minotaur Reckoner,SFD-014/221,Spiritforged,Uncommon,Unit,5,5,,https://cmsassets.rgpub.io/sanity/images/dsfx7636/game_data_live/77bb46cd667e59f26310797ac99686f3a4d19af5-744x1039.png,api-images/SFD-014-221_minotaur-reckoner.png,,,
Blast Corps Cadet,SFD-013/221,Spiritforged,Uncommon,Unit,2,2,,https://cmsassets.rgpub.io/sanity/images/dsfx7636/game_data_live/9efe5a8322a90822650ff18578cd5e1a8561fac5-744x1039.png,api-images/SFD-013-221_blast-corps-cadet.png,,,
Battering Ram,SFD-012/221,Spiritforged,Uncommon,Unit,5,5,,https://cmsassets.rgpub.io/sanity/images/dsfx7636/game_data_live/5661f07778201b236b014a6078003cde9af57cdd-744x1039.png,api-images/SFD-012-221_battering-ram.png,,,
Angle Shot,SFD-011/221,Spiritforged,Uncommon,Spell,2,,,https://cmsassets.rgpub.io/sanity/images/dsfx7636/game_data_live/757d507b684e55e333bac0ecdf2ec9ff3ad6045c-744x1039.png,api-images/SFD-011-221_angle-shot.png,,,
Serrated Dirk,SFD-009/221,Spiritforged,Common,Gear,1,,,https://cmsassets.rgpub.io/sanity/images/dsfx7636/game_data_live/9498c8146745124fc45a7b55184854a9c9da21f5-744x1039.png,api-images/SFD-009-221_serrated-dirk.png,,,
Shurelya's Requiem,SFD-192/221,Spiritforged,Epic,Gear,4,,2,https://cmsassets.rgpub.io/sanity/images/dsfx7636/game_data_live/6f2f7175e61486859d7f5da804e41733d66b2254-744x1039.png,api-images/SFD-192-221_shurelya-s-requiem.png,,,
Sentinel Adept,SFD-008/221,Spiritforged,Common,Unit,3,3,,https://cmsassets.rgpub.io/sanity/images/dsfx7636/game_data_live/94e213b77131d9a67e51743a35fc5dff80fd79ec-744x1039.png,api-images/SFD-008-221_sentinel-adept.png,,,
Rabadon's Deathcrown,SFD-191/221,Spiritforged,Epic,Gear,4,,2,https://cmsassets.rgpub.io/sanity/images/dsfx7636/game_data_live/e93d11bdae446762b1932f0327d2ffe489fa4481-744x1039.png,api-images/SFD-191-221_rabadon-s-deathcrown.png,,,
Perched Grimwyrm,SFD-015/221,Spiritforged,Uncommon,Unit,4,5,,https://cmsassets.rgpub.io/sanity/images/dsfx7636/game_data_live/71af1587378c1c3feabd1b148fb776e42c7d27e8-744x1039.png,api-images/SFD-015-221_perched-grimwyrm.png,,,
Detonate,SFD-005/221,Spiritforged,Common,Spell,1,,1,https://cmsassets.rgpub.io/sanity/images/dsfx7636/game_data_live/e837fbd6aeeb1293386dcfa284aae5a4baca10ef-744x1039.png,api-images/SFD-005-221_detonate.png,,,
Bushwhack,SFD-004/221,Spiritforged,Common,Spell,2,,1,https://cmsassets.rgpub.io/sanity/images/dsfx7636/game_data_live/f728959ad6d4ee6c507310000c3c9e02c0772a16-744x1039.png,api-images/SFD-004-221_bushwhack.png,,,
Blood Rush,SFD-003/221,Spiritforged,Common,Spell,1,,,https://cmsassets.rgpub.io/sanity/images/dsfx7636/game_data_live/931b77b9ab56c3abc85686be4d2452c450f9b3e0-744x1039.png,api-images/SFD-003-221_blood-rush.png,,,
Forgefire Cape,SFD-190/221,Spiritforged,Epic,Gear,4,,2,https://cmsassets.rgpub.io/sanity/images/dsfx7636/game_data_live/9bc49433a6ec5a8f4f1b44351094523d51b6bc11-744x1039.png,api-images/SFD-190-221_forgefire-cape.png,,,
Armed Assailant,SFD-002/221,Spiritforged,Common,Unit,6,6,1,https://cmsassets.rgpub.io/sanity/images/dsfx7636/game_data_live/1debdef1d45f7b2a452951db39674aeb01a8dc2b-744x1039.png,api-images/SFD-002-221_armed-assailant.png,,,
Seal of Rage (Overnumbered),SFD-222/221,Spiritforged,Showcase,Gear,0,,1,https://cmsassets.rgpub.io/sanity/images/dsfx7636/game_data_live/669d4dd94cf2d88ad58333c13a98cca2014e71aa-744x1039.png,api-images/SFD-222-221_seal-of-rage-overnumbered.png,,,
Aphelios - Exalted (Overnumbered),SFD-224/221,Spiritforged,Showcase,Unit,4,4,1,https://cmsassets.rgpub.io/sanity/images/dsfx7636/game_data_live/1da6ebc24ad6360186208ab70a0c43443c349bbe-744x1039.png,api-images/SFD-224-221_aphelios-exalted-overnumbered.png,,,
Arcane Shift,SFD-200/221,Spiritforged,Epic,Spell,3,,1,https://cmsassets.rgpub.io/sanity/images/dsfx7636/game_data_live/a5d1d26dee01db24f32a1432639478753d22aa92-744x1039.png,api-images/SFD-200-221_arcane-shift.png,,,
Corrupt Enforcer,SFD-123/221,Spiritforged,Common,Unit,3,4,1,https://cmsassets.rgpub.io/sanity/images/dsfx7636/game_data_live/3c0a6bf40b629fa038299329c1d803fc9fc8e61e-744x1039.png,api-images/SFD-123-221_corrupt-enforcer.png,,,
Ezreal - Prodigy (Alternate Art),SFD-149A/221,Spiritforged,Showcase,Unit,3,3,1,https://cmsassets.rgpub.io/sanity/images/dsfx7636/game_data_live/b371832f41cd8b15cd4f29828081dd030c48d7ac-744x1039.png,api-images/SFD-149A-221_ezreal-prodigy-alternate-art.png,,,
Ezreal - Prodigy,SFD-149/221,Spiritforged,Epic,Unit,3,3,1,https://cmsassets.rgpub.io/sanity/images/dsfx7636/game_data_live/b48d6242ceb84c3eae7109317d51efaf1e56c9c3-744x1039.png,api-images/SFD-149-221_ezreal-prodigy.png,,,
On the Hunt,SFD-204/221,Spiritforged,Epic,Spell,1,,2,https://cmsassets.rgpub.io/sanity/images/dsfx7636/game_data_live/3205df9cf3d12551c445a740889392264ec95b09-744x1039.png,api-images/SFD-204-221_on-the-hunt.png,,,
Spirit Wheel,SFD-144/221,Spiritforged,Rare,Gear,2,,,https://cmsassets.rgpub.io/sanity/images/dsfx7636/game_data_live/d83d994e6dc7949eb783da16f4bbdb64342a8dfb-744x1039.png,api-images/SFD-144-221_spirit-wheel.png,,,
Hostile Takeover,SFD-202/221,Spiritforged,Epic,Spell,5,,2,https://cmsassets.rgpub.io/sanity/images/dsfx7636/game_data_live/56651a87166df7108ce9f945bd71390d4926770a-744x1039.png,api-images/SFD-202-221_hostile-takeover.png,,,
Black Market Broker,SFD-121/221,Spiritforged,Common,Unit,3,3,,https://cmsassets.rgpub.io/sanity/images/dsfx7636/game_data_live/f167c95cea17981f20b767ff81c180aab8a383e2-744x1039.png,api-images/SFD-121-221_black-market-broker.png,,,
Skyfall of Areion,SFD-030/221,Spiritforged,Epic,Gear,3,,,https://cmsassets.rgpub.io/sanity/images/dsfx7636/game_data_live/bea8390beb651502413cf644319c8ca6a8db1102-744x1039.png,api-images/SFD-030-221_skyfall-of-areion.png,,,
Aphelios - Exalted (Signature),SFD-224*/221,Spiritforged,Showcase,Unit,4,4,1,https://cmsassets.rgpub.io/sanity/images/dsfx7636/game_data_live/58bb3f7a73a8aa38159cc63439e0483ca2574157-744x1039.png,api-images/SFD-224*-221_aphelios-exalted-signature.png,,,
Rumble - Hotheaded (Alternate Art),SFD-026A/221,Spiritforged,Showcase,Unit,4,4,,https://cmsassets.rgpub.io/sanity/images/dsfx7636/game_data_live/dfeef09dacae683e39013902d77b3398fdcd5db8-744x1039.png,api-images/SFD-026A-221_rumble-hotheaded-alternate-art.png,,,
Rumble - Hotheaded,SFD-026/221,Spiritforged,Rare,Unit,4,4,,https://cmsassets.rgpub.io/sanity/images/dsfx7636/game_data_live/e211311ecb1475e87d3d94eba4a6774b4e900091-744x1039.png,api-images/SFD-026-221_rumble-hotheaded.png,,,
Arise!,SFD-198/221,Spiritforged,Epic,Spell,6,,1,https://cmsassets.rgpub.io/sanity/images/dsfx7636/game_data_live/346f4698fea2878dde88470c1793047140c981e3-744x1039.png,api-images/SFD-198-221_arise.png,,,
Assembly Rig,SFD-019/221,Spiritforged,Rare,Gear,4,,,https://cmsassets.rgpub.io/sanity/images/dsfx7636/game_data_live/40ae6f61f1a0b5d65d91e3bb3fd2a0dad9148208-744x1039.png,api-images/SFD-019-221_assembly-rig.png,,,
Sudden Storm,SFD-017/221,Spiritforged,Uncommon,Spell,3,,,https://cmsassets.rgpub.io/sanity/images/dsfx7636/game_data_live/ba3e8c3e95137a289dbdec88e96e5c5a9a45f2c7-744x1039.png,api-images/SFD-017-221_sudden-storm.png,,,
Counter Strike,SFD-194/221,Spiritforged,Epic,Spell,2,,1,https://cmsassets.rgpub.io/sanity/images/dsfx7636/game_data_live/7c643b3da9a78518b1b92e3eeb0078b88d82bf79-744x1039.png,api-images/SFD-194-221_counter-strike.png,,,
Recurve Bow,SFD-016/221,Spiritforged,Uncommon,Gear,2,,,https://cmsassets.rgpub.io/sanity/images/dsfx7636/game_data_live/763604237b4b59df5df98f61528be2233b850dd5-744x1039.png,api-images/SFD-016-221_recurve-bow.png,,,
Apprentice Smith,SFD-041/221,Spiritforged,Uncommon,Unit,2,2,,https://cmsassets.rgpub.io/sanity/images/dsfx7636/game_data_live/3998c6171ddc7a021560d9d9600c8eced9a8d628-744x1039.png,api-images/SFD-041-221_apprentice-smith.png,,,
The Zero Drive,SFD-090/221,Spiritforged,Epic,Gear,3,,,https://cmsassets.rgpub.io/sanity/images/dsfx7636/game_data_live/cc80cbfa1a64ad22dc5f7df870e9206f6938f7f5-744x1039.png,api-images/SFD-090-221_the-zero-drive.png,,,
Rumble - Scrapper (Alternate Art),SFD-089A/221,Spiritforged,Showcase,Unit,5,4,1,https://cmsassets.rgpub.io/sanity/images/dsfx7636/game_data_live/1acbb906fba20f4e5d60f7a82566ca9a19e1a6ea-744x1039.png,api-images/SFD-089A-221_rumble-scrapper-alternate-art.png,,,
Rumble - Scrapper,SFD-089/221,Spiritforged,Epic,Unit,5,4,1,https://cmsassets.rgpub.io/sanity/images/dsfx7636/game_data_live/6528aa0656cac59ff7299bc8bdac371238038080-744x1039.png,api-images/SFD-089-221_rumble-scrapper.png,,,
Hextech Anomaly,SFD-083/221,Spiritforged,Rare,Gear,3,,1,https://cmsassets.rgpub.io/sanity/images/dsfx7636/game_data_live/32a46943778755e2b6210e5adb4507780f08e2c8-744x1039.png,api-images/SFD-083-221_hextech-anomaly.png,,,
Card Sharp,SFD-081/221,Spiritforged,Rare,Unit,3,3,,https://cmsassets.rgpub.io/sanity/images/dsfx7636/game_data_live/8bfd5dc22473d439cd78d5a3cb23ed03de66953d-744x1039.png,api-images/SFD-081-221_card-sharp.png,,,
Ruin Runner,SFD-105/221,Spiritforged,Uncommon,Unit,6,5,,https://cmsassets.rgpub.io/sanity/images/dsfx7636/game_data_live/08abcf17d3356325b0c1b83a78a87be855e5a71a-744x1039.png,api-images/SFD-105-221_ruin-runner.png,,,
Janna - Savior,SFD-053/221,Spiritforged,Rare,Unit,3,3,1,https://cmsassets.rgpub.io/sanity/images/dsfx7636/game_data_live/191f04059bbfd69dfe63d36010586597bb3549b2-744x1039.png,api-images/SFD-053-221_janna-savior.png,,,
Legion Quartermaster,SFD-044/221,Spiritforged,Uncommon,Unit,3,4,,https://cmsassets.rgpub.io/sanity/images/dsfx7636/game_data_live/c09cc35ffc98b46f919c09e09a93b603d63eb73e-744x1039.png,api-images/SFD-044-221_legion-quartermaster.png,,,
Fiora - Peerless,SFD-110/221,Spiritforged,Rare,Unit,3,3,1,https://cmsassets.rgpub.io/sanity/images/dsfx7636/game_data_live/3fb80fed6fb916f47b7cebd5b31a970f1d0d562a-744x1039.png,api-images/SFD-110-221_fiora-peerless.png,,,
Lonely Poro,SFD-036/221,Spiritforged,Common,Unit,2,2,,https://cmsassets.rgpub.io/sanity/images/dsfx7636/game_data_live/f5ab933035b7a6d6bb1d35c10c13f58c7fbf3398-744x1039.png,api-images/SFD-036-221_lonely-poro.png,,,
Guardian of the Passage,SFD-035/221,Spiritforged,Common,Unit,6,6,,https://cmsassets.rgpub.io/sanity/images/dsfx7636/game_data_live/f6b932aa510c92d014422d31e27b1505e54abe20-744x1039.png,api-images/SFD-035-221_guardian-of-the-passage.png,,,
Disarming Rake,SFD-032/221,Spiritforged,Common,Unit,3,2,1,https://cmsassets.rgpub.io/sanity/images/dsfx7636/game_data_live/523732db17d8cf3c7c55f57c5dfb397b73e2b116-744x1039.png,api-images/SFD-032-221_disarming-rake.png,,,
Rocket Barrage,SFD-077/221,Spiritforged,Uncommon,Spell,4,,1,https://cmsassets.rgpub.io/sanity/images/dsfx7636/game_data_live/0378f9adf9df08fed264fdd217ce0e94c3f611cb-744x1039.png,api-images/SFD-077-221_rocket-barrage.png,,,
Production Surge,SFD-076/221,Spiritforged,Uncommon,Spell,4,,1,https://cmsassets.rgpub.io/sanity/images/dsfx7636/game_data_live/78783854dd9372138e599affbe96a269d8908c29-744x1039.png,api-images/SFD-076-221_production-surge.png,,,
Punch First,SFD-097/221,Spiritforged,Common,Spell,1,,2,https://cmsassets.rgpub.io/sanity/images/dsfx7636/game_data_live/d124efad90ff61d4ac29ee69fe71e48a7cd6ece2-744x1039.png,api-images/SFD-097-221_punch-first.png,,,
Hard Bargain,SFD-136/221,Spiritforged,Uncommon,Spell,2,,,https://cmsassets.rgpub.io/sanity/images/dsfx7636/game_data_live/2b09887a6e0d2f109aefea62ca6744488794c233-744x1039.png,api-images/SFD-136-221_hard-bargain.png,,,
Riposte,SFD-206/221,Spiritforged,Epic,Spell,2,,2,https://cmsassets.rgpub.io/sanity/images/dsfx7636/game_data_live/07af52eada661904b467ca118c2715435f0a3b00-744x1039.png,api-images/SFD-206-221_riposte.png,,,
Fiora - Peerless (Alternate Art),SFD-110A/221,Spiritforged,Showcase,Unit,3,3,1,https://cmsassets.rgpub.io/sanity/images/dsfx7636/game_data_live/9081906c24455218d9fef8c0faa04ecc85dc462c-744x1039.png,api-images/SFD-110A-221_fiora-peerless-alternate-art.png,,,
Edge of Night,SFD-139/221,Spiritforged,Rare,Gear,3,,,https://cmsassets.rgpub.io/sanity/images/dsfx7636/game_data_live/b3e385162bf3566618bb58b7a866eef846beefba-744x1039.png,api-images/SFD-139-221_edge-of-night.png,,,
Sivir - Mercenary,SFD-143/221,Spiritforged,Rare,Unit,4,4,1,https://cmsassets.rgpub.io/sanity/images/dsfx7636/game_data_live/cb07b4adc6e301fae973ab13156028390facbad2-744x1039.png,api-images/SFD-143-221_sivir-mercenary.png,,,
Sivir - Mercenary (Alternate Art),SFD-143A/221,Spiritforged,Showcase,Unit,4,4,1,https://cmsassets.rgpub.io/sanity/images/dsfx7636/game_data_live/6c0eeb81da597528625d458cb4c560298b5bea50-744x1039.png,api-images/SFD-143A-221_sivir-mercenary-alternate-art.png,,,
Lucian - Gunslinger (Alternate Art),SFD-028A/221,Spiritforged,Showcase,Unit,3,2,,https://cmsassets.rgpub.io/sanity/images/dsfx7636/game_data_live/3982de5a4aee53471ca589179f5cf8617169fb52-744x1039.png,api-images/SFD-028A-221_lucian-gunslinger-alternate-art.png,,,
Lucian - Gunslinger,SFD-028/221,Spiritforged,Epic,Unit,3,2,,https://cmsassets.rgpub.io/sanity/images/dsfx7636/game_data_live/2dfb106d7c85235436d25261195a638e2ab15092-744x1039.png,api-images/SFD-028-221_lucian-gunslinger.png,,,
Rek'Sai - Breacher (Alternate Art),SFD-029A/221,Spiritforged,Showcase,Unit,3,3,,https://cmsassets.rgpub.io/sanity/images/dsfx7636/game_data_live/8ef898e761ab44c43cb1cba11109a02d9cb5ce10-744x1039.png,api-images/SFD-029A-221_rek-sai-breacher-alternate-art.png,,,
Sivir - Battle Mistress (Overnumbered),SFD-250/221,Spiritforged,Showcase,Legend,,,,https://cmsassets.rgpub.io/sanity/images/dsfx7636/game_data_live/743887bce0027f549b85bf023475c3587a005581-744x1039.png,api-images/SFD-250-221_sivir-battle-mistress-overnumbered.png,,,
Ezreal - Prodigal Explorer (Overnumbered),SFD-248/221,Spiritforged,Showcase,Legend,,,,https://cmsassets.rgpub.io/sanity/images/dsfx7636/game_data_live/3ba4f1d3d61d80e7becc9d046e1974f17bff4b10-744x1039.png,api-images/SFD-248-221_ezreal-prodigal-explorer-overnumbered.png,,,
Azir - Emperor of the Sands (Overnumbered),SFD-247/221,Spiritforged,Showcase,Legend,,,,https://cmsassets.rgpub.io/sanity/images/dsfx7636/game_data_live/42c04e4d7ef5d7395494587c2e15ac945b37b71e-744x1039.png,api-images/SFD-247-221_azir-emperor-of-the-sands-overnumbered.png,,,
Jax - Grandmaster At Arms (Overnumbered),SFD-245/221,Spiritforged,Showcase,Legend,,,,https://cmsassets.rgpub.io/sanity/images/dsfx7636/game_data_live/941f72a422e0143524b3dd0cba1fd87e4286ecb4-744x1039.png,api-images/SFD-245-221_jax-grandmaster-at-arms-overnumbered.png,,,
Soraka - Wanderer (Signature),SFD-239*/221,Spiritforged,Showcase,Unit,4,4,1,https://cmsassets.rgpub.io/sanity/images/dsfx7636/game_data_live/956c7e0ae3d68327c5e822321841c5bf3c96269a-744x1039.png,api-images/SFD-239*-221_soraka-wanderer-signature.png,,,
Soraka - Wanderer (Overnumbered),SFD-239/221,Spiritforged,Showcase,Unit,4,4,1,https://cmsassets.rgpub.io/sanity/images/dsfx7636/game_data_live/fc329097625a1f98a564134945950bd3bd3610a3-744x1039.png,api-images/SFD-239-221_soraka-wanderer-overnumbered.png,,,
Seal of Unity (Overnumbered),SFD-238/221,Spiritforged,Showcase,Gear,0,,1,https://cmsassets.rgpub.io/sanity/images/dsfx7636/game_data_live/228dbde67ec37f9a0b28f81e40fce5a8fa7af56b-744x1039.png,api-images/SFD-238-221_seal-of-unity-overnumbered.png,,,
Seal of Insight (Overnumbered),SFD-229/221,Spiritforged,Showcase,Gear,0,,1,https://cmsassets.rgpub.io/sanity/images/dsfx7636/game_data_live/eb4559c507f09cabc3735973a1b20d83688d2f9d-744x1039.png,api-images/SFD-229-221_seal-of-insight-overnumbered.png,,,
Marai Spire,SFD-211/221,Spiritforged,Uncommon,Battlefield,,,,https://cmsassets.rgpub.io/sanity/images/dsfx7636/game_data_live/ff64dcbac9b392d4f6930a7359114aa68aa14ebe-1039x744.png,api-images/SFD-211-221_marai-spire.png,,,
Laurent Bladekeeper,SFD-096/221,Spiritforged,Common,Unit,3,3,,https://cmsassets.rgpub.io/sanity/images/dsfx7636/game_data_live/d9dac8bbc898bfead8338ef387f2d144302e278f-744x1039.png,api-images/SFD-096-221_laurent-bladekeeper.png,,,
Direwing,SFD-094/221,Spiritforged,Common,Unit,7,7,,https://cmsassets.rgpub.io/sanity/images/dsfx7636/game_data_live/52edf5b0f045d7c65360a8eb3c21f0954750cd1a-744x1039.png,api-images/SFD-094-221_direwing.png,,,
Veiled Temple,SFD-221/221,Spiritforged,Uncommon,Battlefield,,,,https://cmsassets.rgpub.io/sanity/images/dsfx7636/game_data_live/6f2b38874a09b3e3df3fe584ea77e84aa5423e37-1039x744.png,api-images/SFD-221-221_veiled-temple.png,,,
The Papertree,SFD-219/221,Spiritforged,Uncommon,Battlefield,,,,https://cmsassets.rgpub.io/sanity/images/dsfx7636/game_data_live/c395b94a4f78b4e8b0590b56787c33600b18e358-1039x744.png,api-images/SFD-219-221_the-papertree.png,,,
Sunken Temple,SFD-218/221,Spiritforged,Uncommon,Battlefield,,,,https://cmsassets.rgpub.io/sanity/images/dsfx7636/game_data_live/06f6d17929d19000006cf281d013ecbe1543af0e-1039x744.png,api-images/SFD-218-221_sunken-temple.png,,,
Seat of Power,SFD-217/221,Spiritforged,Uncommon,Battlefield,,,,https://cmsassets.rgpub.io/sanity/images/dsfx7636/game_data_live/8b9db30f8eedd5e5463a0fceaeaf90069bce39ae-1039x744.png,api-images/SFD-217-221_seat-of-power.png,,,
Rockfall Path,SFD-216/221,Spiritforged,Uncommon,Battlefield,,,,https://cmsassets.rgpub.io/sanity/images/dsfx7636/game_data_live/a1bde66bccf2786e7c0b9d44fcdcdaa6b59f0328-1039x744.png,api-images/SFD-216-221_rockfall-path.png,,,
Minefield,SFD-212/221,Spiritforged,Uncommon,Battlefield,,,,https://cmsassets.rgpub.io/sanity/images/dsfx7636/game_data_live/46614658b08563f07cc81a4f4fa4ec8a067710b9-1039x744.png,api-images/SFD-212-221_minefield.png,,,
Sea Monkey,SFD-098/221,Spiritforged,Common,Unit,2,2,,https://cmsassets.rgpub.io/sanity/images/dsfx7636/game_data_live/0ef7f1de2bc7845f5e3dace1634c6c58a8765452-744x1039.png,api-images/SFD-098-221_sea-monkey.png,,,
Hall of Legends,SFD-210/221,Spiritforged,Uncommon,Battlefield,,,,https://cmsassets.rgpub.io/sanity/images/dsfx7636/game_data_live/3b6438877bd2bd95e7a3a8921ddf6bca26d3fd95-1039x744.png,api-images/SFD-210-221_hall-of-legends.png,,,
Forgotten Monument,SFD-209/221,Spiritforged,Uncommon,Battlefield,,,,https://cmsassets.rgpub.io/sanity/images/dsfx7636/game_data_live/b0c98558fccd68c9ac93cd5b3412c31c68b5ace9-1039x744.png,api-images/SFD-209-221_forgotten-monument.png,,,
Forge of the Fluft,SFD-208/221,Spiritforged,Uncommon,Battlefield,,,,https://cmsassets.rgpub.io/sanity/images/dsfx7636/game_data_live/6ad10353e7fc1337d8cc79086f8eaac1c75f5598-1039x744.png,api-images/SFD-208-221_forge-of-the-fluft.png,,,
Emperor's Dais,SFD-207/221,Spiritforged,Uncommon,Battlefield,,,,https://cmsassets.rgpub.io/sanity/images/dsfx7636/game_data_live/c1ea4f6f58a62fc2b62647aa3459109e3d10297a-1039x744.png,api-images/SFD-207-221_emperor-s-dais.png,,,
Combat Chef,SFD-092/221,Spiritforged,Common,Unit,5,5,,https://cmsassets.rgpub.io/sanity/images/dsfx7636/game_data_live/dffa05408c0b53f62dfbb9452986342ff2d4352d-744x1039.png,api-images/SFD-092-221_combat-chef.png,,,
Renata Glasc - Mastermind (Alternate Art),SFD-088A/221,Spiritforged,Showcase,Unit,5,4,,https://cmsassets.rgpub.io/sanity/images/dsfx7636/game_data_live/b2b269d8ec274f3869ba42982f5710b160c4c43f-744x1039.png,api-images/SFD-088A-221_renata-glasc-mastermind-alternate-art.png,,,
Renata Glasc - Mastermind,SFD-088/221,Spiritforged,Epic,Unit,5,4,,https://cmsassets.rgpub.io/sanity/images/dsfx7636/game_data_live/be8f7e08562c076e8947aafc3ecd202051d17c02-744x1039.png,api-images/SFD-088-221_renata-glasc-mastermind.png,,,
Rally the Troops,SFD-166/221,Spiritforged,Uncommon,Spell,2,,,https://cmsassets.rgpub.io/sanity/images/dsfx7636/game_data_live/952476dd51338ff97774946ded134a2072b2e6c9-744x1039.png,api-images/SFD-166-221_rally-the-troops.png,,,
Fae Dragon,SFD-101/221,Spiritforged,Uncommon,Unit,7,7,1,https://cmsassets.rgpub.io/sanity/images/dsfx7636/game_data_live/76aeda6bf59acee92b512f4a0272892673cfce90-744x1039.png,api-images/SFD-101-221_fae-dragon.png,,,
Hexdrinker,SFD-102/221,Spiritforged,Uncommon,Gear,2,,,https://cmsassets.rgpub.io/sanity/images/dsfx7636/game_data_live/e7fdd555cbf9ef8c4ff8bd3ba38d187842de563d-744x1039.png,api-images/SFD-102-221_hexdrinker.png,,,
Petricite Monument,SFD-104/221,Spiritforged,Uncommon,Gear,2,,,https://cmsassets.rgpub.io/sanity/images/dsfx7636/game_data_live/c994dcefe24e00f8033bc31327bf7dbe4a8703d1-744x1039.png,api-images/SFD-104-221_petricite-monument.png,,,
Show of Strength,SFD-106/221,Spiritforged,Uncommon,Spell,2,,1,https://cmsassets.rgpub.io/sanity/images/dsfx7636/game_data_live/d04ac6687931018fd68368c65cc024155867cab4-744x1039.png,api-images/SFD-106-221_show-of-strength.png,,,
Akshan - Mischievous,SFD-109/221,Spiritforged,Rare,Unit,4,4,,https://cmsassets.rgpub.io/sanity/images/dsfx7636/game_data_live/f9e79f88463c1d516b9f1b053661937676e0e1f4-744x1039.png,api-images/SFD-109-221_akshan-mischievous.png,,,
Karma - Channeler (Signature),SFD-237*/221,Spiritforged,Showcase,Unit,6,6,1,https://cmsassets.rgpub.io/sanity/images/dsfx7636/game_data_live/2e2c1cb4016543e3288da2dac3ecc3faf8a98927-744x1039.png,api-images/SFD-237*-221_karma-channeler-signature.png,,,
Karma - Channeler (Overnumbered),SFD-237/221,Spiritforged,Showcase,Unit,6,6,1,https://cmsassets.rgpub.io/sanity/images/dsfx7636/game_data_live/ba0113d449813c94534ae0e74f3ef38f9b8010c2-744x1039.png,api-images/SFD-237-221_karma-channeler-overnumbered.png,,,
Yasuo - Windrider (Overnumbered),SFD-235/221,Spiritforged,Showcase,Unit,5,4,1,https://cmsassets.rgpub.io/sanity/images/dsfx7636/game_data_live/74021c17acc45cf743609a825490a0e6dd7466b5-744x1039.png,api-images/SFD-235-221_yasuo-windrider-overnumbered.png,,,
Yasuo - Windrider (Signature),SFD-235*/221,Spiritforged,Showcase,Unit,5,4,1,https://cmsassets.rgpub.io/sanity/images/dsfx7636/game_data_live/40575a59f02c431223ef484edabdf7bd8cb28381-744x1039.png,api-images/SFD-235*-221_yasuo-windrider-signature.png,,,
Teemo - Strategist (Overnumbered),SFD-230/221,Spiritforged,Showcase,Unit,2,2,1,https://cmsassets.rgpub.io/sanity/images/dsfx7636/game_data_live/7f0962b840d228ad551fb9334fe9bdf76d209e7d-744x1039.png,api-images/SFD-230-221_teemo-strategist-overnumbered.png,,,
Teemo - Strategist (Signature),SFD-230*/221,Spiritforged,Showcase,Unit,2,2,1,https://cmsassets.rgpub.io/sanity/images/dsfx7636/game_data_live/5e31f0ea037604aa531d84c1d56d26f255210b7c-744x1039.png,api-images/SFD-230*-221_teemo-strategist-signature.png,,,
Bard - Mercurial (Overnumbered),SFD-228/221,Spiritforged,Showcase,Unit,4,4,1,https://cmsassets.rgpub.io/sanity/images/dsfx7636/game_data_live/9c33fbc2dc78bb6af3d31fab0c0ca58e1141141d-744x1039.png,api-images/SFD-228-221_bard-mercurial-overnumbered.png,,,
Bard - Mercurial (Signature),SFD-228*/221,Spiritforged,Showcase,Unit,4,4,1,https://cmsassets.rgpub.io/sanity/images/dsfx7636/game_data_live/1b7d48edee47c3eec4e5b554e47359a395777c70-744x1039.png,api-images/SFD-228*-221_bard-mercurial-signature.png,,,
Baron Nashor,UNL-147/219,Unleashed,Epic,Unit,10,12,3,https://cmsassets.rgpub.io/sanity/images/dsfx7636/game_data_live/59946969e8d21869c3ffe801a3ffbdd8165a873f-744x1039.png,api-images/UNL-147-219_baron-nashor.png,,,
Lillia - Bashful Bloom,UNL-189/219,Unleashed,Rare,Legend,,,,https://cmsassets.rgpub.io/sanity/images/dsfx7636/game_data_live/7e1554365120c5042947aef8bcac48a07445e9f3-744x1039.png,api-images/UNL-189-219_lillia-bashful-bloom.png,,,
Beast Below,SFD-132/221,Spiritforged,Uncommon,Unit,7,8,2,https://cmsassets.rgpub.io/sanity/images/dsfx7636/game_data_live/d27a56111c68c651099d7b73b22a54a825458857-744x1039.png,api-images/SFD-132-221_beast-below.png,,,
Eminent Benefactor,SFD-152/221,Spiritforged,Common,Unit,6,5,,https://cmsassets.rgpub.io/sanity/images/dsfx7636/game_data_live/8b1a3e89fc40bb81c44f0ee232a701d85a1f209f-744x1039.png,api-images/SFD-152-221_eminent-benefactor.png,,,
Heart of Dark Ice,SFD-052/221,Spiritforged,Rare,Gear,3,,1,https://cmsassets.rgpub.io/sanity/images/dsfx7636/game_data_live/73d8251c3bd8f7cd77010e9628515cd7fa462386-744x1039.png,api-images/SFD-052-221_heart-of-dark-ice.png,,,
Simian Ancestor,SFD-047/221,Spiritforged,Uncommon,Unit,5,5,1,https://cmsassets.rgpub.io/sanity/images/dsfx7636/game_data_live/901a77a01e869f1f38f7a0b1ba5ae28f06b54a08-744x1039.png,api-images/SFD-047-221_simian-ancestor.png,,,
Poro Snax,SFD-046/221,Spiritforged,Uncommon,Gear,1,,1,https://cmsassets.rgpub.io/sanity/images/dsfx7636/game_data_live/8caaa64513b5ba57d676c7b2b9ee64af61711539-744x1039.png,api-images/SFD-046-221_poro-snax.png,,,
Harpoon Squad,SFD-137/221,Spiritforged,Uncommon,Unit,4,4,,https://cmsassets.rgpub.io/sanity/images/dsfx7636/game_data_live/f50d32a202375bf09781ae578db107abe84937e0-744x1039.png,api-images/SFD-137-221_harpoon-squad.png,,,
Emperor's Divide,SFD-043/221,Spiritforged,Uncommon,Spell,2,,,https://cmsassets.rgpub.io/sanity/images/dsfx7636/game_data_live/80f367f06549d597c7b5a77be73eb647eab34f59-744x1039.png,api-images/SFD-043-221_emperor-s-divide.png,,,
Factory Recall,SFD-135/221,Spiritforged,Uncommon,Spell,1,,,https://cmsassets.rgpub.io/sanity/images/dsfx7636/game_data_live/86bd2be6d0750e3444355bce229f83930825e968-744x1039.png,api-images/SFD-135-221_factory-recall.png,,,
Cull,SFD-134/221,Spiritforged,Uncommon,Gear,1,,,https://cmsassets.rgpub.io/sanity/images/dsfx7636/game_data_live/885ee56a4153b4f9fd064e9d24c9d55400e1291f-744x1039.png,api-images/SFD-134-221_cull.png,,,
Eye of the Herald,SFD-153/221,Spiritforged,Common,Gear,1,,,https://cmsassets.rgpub.io/sanity/images/dsfx7636/game_data_live/fc3e26e0e4ff94de360f1163c41641daf81c1900-744x1039.png,api-images/SFD-153-221_eye-of-the-herald.png,,,
Ribbon Dancer,SFD-038/221,Spiritforged,Common,Unit,3,3,,https://cmsassets.rgpub.io/sanity/images/dsfx7636/game_data_live/92550ab70647046115133c7547423bcf308906f6-744x1039.png,api-images/SFD-038-221_ribbon-dancer.png,,,
Ancient Warmonger,SFD-131/221,Spiritforged,Uncommon,Unit,5,4,,https://cmsassets.rgpub.io/sanity/images/dsfx7636/game_data_live/8ba05afcfbe6901fb4bdb736d5e61656a551f668-744x1039.png,api-images/SFD-131-221_ancient-warmonger.png,,,
Temptation,SFD-129/221,Spiritforged,Common,Spell,2,,,https://cmsassets.rgpub.io/sanity/images/dsfx7636/game_data_live/4d5075a540ff5e4a2daec598cb6400fbb6570673-744x1039.png,api-images/SFD-129-221_temptation.png,,,
Navori Scout,SFD-037/221,Spiritforged,Common,Unit,4,4,,https://cmsassets.rgpub.io/sanity/images/dsfx7636/game_data_live/038625518f5b46f5217d300d9dc9fbf507c4ae09-744x1039.png,api-images/SFD-037-221_navori-scout.png,,,
Master Bingwen,SFD-127/221,Spiritforged,Common,Unit,6,6,,https://cmsassets.rgpub.io/sanity/images/dsfx7636/game_data_live/52c7f0fe49f24c29cb797613444f86a810292ec2-744x1039.png,api-images/SFD-127-221_master-bingwen.png,,,
Desert's Call,SFD-031/221,Spiritforged,Common,Spell,2,,,https://cmsassets.rgpub.io/sanity/images/dsfx7636/game_data_live/b38ab6c02238b5a8e456cdad9b5108bb30e718bc-744x1039.png,api-images/SFD-031-221_desert-s-call.png,,,
Fae Porter,SFD-125/221,Spiritforged,Common,Unit,4,4,,https://cmsassets.rgpub.io/sanity/images/dsfx7636/game_data_live/4d233b11d4efb2652d7ede556dd9f730903cdba9-744x1039.png,api-images/SFD-125-221_fae-porter.png,,,
Volibear - Relentless Storm,OPP-249/298,Riftbound Organized Play Promotional Cards,Promo,Legend,,,,https://cmsassets.rgpub.io/sanity/images/dsfx7636/game_data_live/f1842ef373434db3e8109d8959832f9d184866c3-744x1040.png,api-images/OPP-249-298_volibear-relentless-storm.png,,,
Guards!,SFD-154/221,Spiritforged,Common,Spell,3,,,https://cmsassets.rgpub.io/sanity/images/dsfx7636/game_data_live/1dc4fef81d018c6cf14f0344b51ebcdec968aab9-744x1039.png,api-images/SFD-154-221_guards.png,,,
Laurent Duelist,SFD-156/221,Spiritforged,Common,Unit,4,3,,https://cmsassets.rgpub.io/sanity/images/dsfx7636/game_data_live/7b3410a1d9ee175c4853453798bcd5f09d2e217c-744x1039.png,api-images/SFD-156-221_laurent-duelist.png,,,
Cloth Armor,SFD-064/221,Spiritforged,Common,Gear,1,,,https://cmsassets.rgpub.io/sanity/images/dsfx7636/game_data_live/fe02bf01609ff2e6cc6fa8fbd578fd596ab5cb84-744x1039.png,api-images/SFD-064-221_cloth-armor.png,,,
Forecaster,SFD-065/221,Spiritforged,Common,Unit,2,2,,https://cmsassets.rgpub.io/sanity/images/dsfx7636/game_data_live/3f58f0c58503e4f8caecb7ea7f77b478a1e92961-744x1039.png,api-images/SFD-065-221_forecaster.png,,,
Sandshifter,SFD-158/221,Spiritforged,Common,Unit,5,6,2,https://cmsassets.rgpub.io/sanity/images/dsfx7636/game_data_live/57f72b30862074bb5d1f302e86ee3cec024cd980-744x1039.png,api-images/SFD-158-221_sandshifter.png,,,
Frigid Touch,SFD-066/221,Spiritforged,Common,Spell,2,,,https://cmsassets.rgpub.io/sanity/images/dsfx7636/game_data_live/1caaf42d4cc12ab9acc57dc8c572448f8d8dd34d-744x1039.png,api-images/SFD-066-221_frigid-touch.png,,,
Gearhead,SFD-068/221,Spiritforged,Common,Unit,5,3,,https://cmsassets.rgpub.io/sanity/images/dsfx7636/game_data_live/355b97bf135b8c60afabca7e4c6ecbf1aa25b4d9-744x1039.png,api-images/SFD-068-221_gearhead.png,,,
Trusty Ramhound,SFD-159/221,Spiritforged,Common,Unit,2,2,,https://cmsassets.rgpub.io/sanity/images/dsfx7636/game_data_live/0bd3f82ebe45a4dc09204582d06900916e6c0480-744x1039.png,api-images/SFD-159-221_trusty-ramhound.png,,,
Wages of Pain,SFD-070/221,Spiritforged,Common,Spell,3,,,https://cmsassets.rgpub.io/sanity/images/dsfx7636/game_data_live/aef5c891bd6f7cbc3a97b1e01688868316599929-744x1039.png,api-images/SFD-070-221_wages-of-pain.png,,,
Zaun Punk,SFD-160/221,Spiritforged,Common,Unit,3,3,,https://cmsassets.rgpub.io/sanity/images/dsfx7636/game_data_live/af4eec8bb065708bf790b940fa065ea3e735afa0-744x1039.png,api-images/SFD-160-221_zaun-punk.png,,,
Dropboarder,SFD-072/221,Spiritforged,Uncommon,Unit,4,4,,https://cmsassets.rgpub.io/sanity/images/dsfx7636/game_data_live/8572e4cb5af60dd548e3b87374ff1b12840d981a-744x1039.png,api-images/SFD-072-221_dropboarder.png,,,
Pickpocket,SFD-074/221,Spiritforged,Uncommon,Unit,3,3,,https://cmsassets.rgpub.io/sanity/images/dsfx7636/game_data_live/ebf54af997e53079e1a476feb0411d1791b20f7e-744x1039.png,api-images/SFD-074-221_pickpocket.png,,,
Blood Money,SFD-162/221,Spiritforged,Uncommon,Spell,2,,,https://cmsassets.rgpub.io/sanity/images/dsfx7636/game_data_live/0062fe2a96fc94bd8d85c01607a48e8619ed4e20-744x1039.png,api-images/SFD-162-221_blood-money.png,,,
Temporal Portal,SFD-078/221,Spiritforged,Uncommon,Gear,3,,,https://cmsassets.rgpub.io/sanity/images/dsfx7636/game_data_live/a6b8167486d552cc41d10cb9321bae4cef338fa7-744x1039.png,api-images/SFD-078-221_temporal-portal.png,,,
Deathgrip,SFD-163/221,Spiritforged,Uncommon,Spell,2,,,https://cmsassets.rgpub.io/sanity/images/dsfx7636/game_data_live/695304200c6fd3b287bd319ac564d31936b23d66-744x1039.png,api-images/SFD-163-221_deathgrip.png,,,
Poppy - Paragon (Alternate Art),UNL-116A/219,Unleashed,Showcase,Unit,5,5,,https://cmsassets.rgpub.io/sanity/images/dsfx7636/game_data_live/c0efda4bdfea473f7b9f3fb4ba482990795283a4-744x1039.png,api-images/UNL-116A-219_poppy-paragon-alternate-art.png,,,
Daisy!,UNL-196/219,Unleashed,Epic,Unit,9,8,2,https://cmsassets.rgpub.io/sanity/images/dsfx7636/game_data_live/ada85b2a6076b60933831454d02a21da3654362c-744x1039.png,api-images/UNL-196-219_daisy.png,,,
Poppy - Defender of the Meek (Alternate Art),UNL-178A/219,Unleashed,Showcase,Unit,6,5,1,https://cmsassets.rgpub.io/sanity/images/dsfx7636/game_data_live/e171fc13d69ea7bafb03982cf0f8233d2830c1d2-744x1039.png,api-images/UNL-178A-219_poppy-defender-of-the-meek-alternate-art.png,,,
Poppy - Defender of the Meek,UNL-178/219,Unleashed,Epic,Unit,6,5,1,https://cmsassets.rgpub.io/sanity/images/dsfx7636/game_data_live/1a75c5322b2179e772af83b1fd16fed864c5bf24-744x1039.png,api-images/UNL-178-219_poppy-defender-of-the-meek.png,,,
Vi - Peacekeeper (Alternate Art),UNL-176A/219,Unleashed,Showcase,Unit,5,5,1,https://cmsassets.rgpub.io/sanity/images/dsfx7636/game_data_live/6bde3fc4f76015d36d70e86c8fbcc3b6b7aa43dd-744x1039.png,api-images/UNL-176A-219_vi-peacekeeper-alternate-art.png,,,
Vi - Peacekeeper,UNL-176/219,Unleashed,Rare,Unit,5,5,1,https://cmsassets.rgpub.io/sanity/images/dsfx7636/game_data_live/51610bbdecd77b15f58b9a968611e536ebdf445e-744x1039.png,api-images/UNL-176-219_vi-peacekeeper.png,,,
Heroic Charge,UNL-155/219,Unleashed,Common,Spell,3,,,https://cmsassets.rgpub.io/sanity/images/dsfx7636/game_data_live/944b89db8a7f7961a28e66ec4fb7d30bb863f324-744x1039.png,api-images/UNL-155-219_heroic-charge.png,,,
Evershade Stalker,UNL-123/219,Unleashed,Common,Unit,3,3,,https://cmsassets.rgpub.io/sanity/images/dsfx7636/game_data_live/d8fb687ecdb22d7497ac55a1be0db0ba33596b43-744x1039.png,api-images/UNL-123-219_evershade-stalker.png,,,
Bewitching Spirit,UNL-121/219,Unleashed,Common,Unit,3,2,,https://cmsassets.rgpub.io/sanity/images/dsfx7636/game_data_live/a771917dea98b137c3f4a13e4967dccf9ee445e5-744x1039.png,api-images/UNL-121-219_bewitching-spirit.png,,,
Void Assault,UNL-202/219,Unleashed,Epic,Spell,2,,1,https://cmsassets.rgpub.io/sanity/images/dsfx7636/game_data_live/0b79108a9492fb34866cc63815b57bfab8a5aeae-744x1039.png,api-images/UNL-202-219_void-assault.png,,,
Voracious Gromp,UNL-100/219,Unleashed,Common,Unit,5,5,,https://cmsassets.rgpub.io/sanity/images/dsfx7636/game_data_live/3c006b8c9aa4581ad90c258cc6cfac9098d3c296-744x1039.png,api-images/UNL-100-219_voracious-gromp.png,,,
Sprite Fountain,UNL-078/219,Unleashed,Uncommon,Gear,2,,1,https://cmsassets.rgpub.io/sanity/images/dsfx7636/game_data_live/fcb3ea3e8f829b8dc845fbf49080552d635bb47b-744x1039.png,api-images/UNL-078-219_sprite-fountain.png,,,
Red Brambleback (Alternate Art),UNL-029A/219,Unleashed,Showcase,Unit,4,4,1,https://cmsassets.rgpub.io/sanity/images/dsfx7636/game_data_live/69d4208b748074b68f775cdfa8f1d2ba20ece8ae-744x1039.png,api-images/UNL-029A-219_red-brambleback-alternate-art.png,,,
Xerath - Freed,UNL-026/219,Unleashed,Rare,Unit,5,5,,https://cmsassets.rgpub.io/sanity/images/dsfx7636/game_data_live/ef52e66a137a80cf5df862f31a114bfc00914a93-744x1039.png,api-images/UNL-026-219_xerath-freed.png,,,
Lotus Trap,UNL-013/219,Unleashed,Uncommon,Spell,2,,,https://cmsassets.rgpub.io/sanity/images/dsfx7636/game_data_live/9490f8c80da1bf4467e14c39b66ae4262e5f7f7b-744x1039.png,api-images/UNL-013-219_lotus-trap.png,,,
Monch,UNL-035/219,Unleashed,Common,Unit,6,6,,https://cmsassets.rgpub.io/sanity/images/dsfx7636/game_data_live/ef10724add3b6d9e69415cb194e895f6ea9969b7-744x1039.png,api-images/UNL-035-219_monch.png,,,
Right of Conquest,UNL-015/219,Unleashed,Uncommon,Spell,3,,1,https://cmsassets.rgpub.io/sanity/images/dsfx7636/game_data_live/2467e43f316e8700ad43b66e3b5d490f3f9d3cea-744x1039.png,api-images/UNL-015-219_right-of-conquest.png,,,
LeBlanc - Deceiver (Overnumbered),UNL-235/219,Unleashed,Showcase,Legend,,,,https://cmsassets.rgpub.io/sanity/images/dsfx7636/game_data_live/656450f89be4dc253438a4e0af7f7638ed5f90b2-744x1039.png,api-images/UNL-235-219_leblanc-deceiver-overnumbered.png,,,
Dramatic Visionary,UNL-062/219,Unleashed,Common,Unit,4,4,,https://cmsassets.rgpub.io/sanity/images/dsfx7636/game_data_live/3153c05a8c3fb4d8f945a95fad54ea25e087ad47-744x1039.png,api-images/UNL-062-219_dramatic-visionary.png,,,
Frisky Hunter,UNL-033/219,Unleashed,Common,Unit,4,3,,https://cmsassets.rgpub.io/sanity/images/dsfx7636/game_data_live/6bf8978ca42fa50a60067e74364b3caf78b3e928-744x1039.png,api-images/UNL-033-219_frisky-hunter.png,,,
Lord Broadmane,UNL-012/219,Unleashed,Uncommon,Unit,5,5,1,https://cmsassets.rgpub.io/sanity/images/dsfx7636/game_data_live/f564001228383a27372c0ddc4d8c0ed4e4843dc7-744x1039.png,api-images/UNL-012-219_lord-broadmane.png,,,
Death from Below,UNL-186/219,Unleashed,Epic,Spell,4,,1,https://cmsassets.rgpub.io/sanity/images/dsfx7636/game_data_live/17d93a11a252287e3b0f4bbe32722ecc9469ec66-744x1039.png,api-images/UNL-186-219_death-from-below.png,,,
Shadow,UNL-194/219,Unleashed,Epic,Unit,3,3,,https://cmsassets.rgpub.io/sanity/images/dsfx7636/game_data_live/690ee4937b3926810d8ed814afd14d4d9e98b13e-744x1039.png,api-images/UNL-194-219_shadow.png,,,
Evelynn - Entrancing,UNL-141/219,Unleashed,Rare,Unit,2,2,,https://cmsassets.rgpub.io/sanity/images/dsfx7636/game_data_live/1cea41a2b9c3de59a1c95ceacc59950be1d01907-744x1039.png,api-images/UNL-141-219_evelynn-entrancing.png,,,
Stare Down,UNL-107/219,Unleashed,Uncommon,Spell,2,,,https://cmsassets.rgpub.io/sanity/images/dsfx7636/game_data_live/58d0353a966bb0ca292855a0a55de5769e28d155-744x1039.png,api-images/UNL-107-219_stare-down.png,,,
LeBlanc - Deceiver (Signature),UNL-235*/219,Unleashed,Showcase,Legend,,,,https://cmsassets.rgpub.io/sanity/images/dsfx7636/game_data_live/78a3153e914b2124cdc918f3134a8087b342caf7-744x1039.png,api-images/UNL-235*-219_leblanc-deceiver-signature.png,,,
Mister Root,UNL-127/219,Unleashed,Common,Unit,2,1,,https://cmsassets.rgpub.io/sanity/images/dsfx7636/game_data_live/c9bb7a8f5a1426a4af9843f2473ee6cc37dd24bd-744x1039.png,api-images/UNL-127-219_mister-root.png,,,
Vex - Gloomist (Signature),UNL-232*/219,Unleashed,Showcase,Legend,,,,https://cmsassets.rgpub.io/sanity/images/dsfx7636/game_data_live/748c7cb9574c8805d7fdbaba0f2471af06cceae3-744x1039.png,api-images/UNL-232*-219_vex-gloomist-signature.png,,,
Vex - Gloomist (Overnumbered),UNL-232/219,Unleashed,Showcase,Legend,,,,https://cmsassets.rgpub.io/sanity/images/dsfx7636/game_data_live/d044ea46fa38cff80c39fdb0b890dd7226c22b89-744x1039.png,api-images/UNL-232-219_vex-gloomist-overnumbered.png,,,
Master Yi - Wuju Master (Signature),UNL-231*/219,Unleashed,Showcase,Legend,,,,https://cmsassets.rgpub.io/sanity/images/dsfx7636/game_data_live/ebc612b2bf6003be8019930e059f0ac119997bc8-744x1039.png,api-images/UNL-231*-219_master-yi-wuju-master-signature.png,,,
Pyke - Bloodharbor Ripper (Overnumbered),UNL-228/219,Unleashed,Showcase,Legend,,,,https://cmsassets.rgpub.io/sanity/images/dsfx7636/game_data_live/b4095d98aff998fda5a08d4c32e97a2a66ccf1e6-744x1039.png,api-images/UNL-228-219_pyke-bloodharbor-ripper-overnumbered.png,,,
Rengar - Pridestalker (Overnumbered),UNL-227/219,Unleashed,Showcase,Legend,,,,https://cmsassets.rgpub.io/sanity/images/dsfx7636/game_data_live/1f80a016015ebc77bd3d23ce471e364d70698279-744x1039.png,api-images/UNL-227-219_rengar-pridestalker-overnumbered.png,,,
Jhin - Virtuoso (Overnumbered),UNL-226/219,Unleashed,Showcase,Legend,,,,https://cmsassets.rgpub.io/sanity/images/dsfx7636/game_data_live/47f10693258104e9373396165e335014bf5783a2-744x1039.png,api-images/UNL-226-219_jhin-virtuoso-overnumbered.png,,,
Star Spring,UNL-215/219,Unleashed,Uncommon,Battlefield,,,,https://cmsassets.rgpub.io/sanity/images/dsfx7636/game_data_live/0c4fe88ffb5c1b02b58b2c6b4f02de441ac451d6-1039x744.png,api-images/UNL-215-219_star-spring.png,,,
Scuttle Crab,UNL-053/219,Unleashed,Rare,Unit,2,0,,https://cmsassets.rgpub.io/sanity/images/dsfx7636/game_data_live/8c9a251b2deb21716fba0ac83c6aac96563fa19d-744x1039.png,api-images/UNL-053-219_scuttle-crab.png,,,
Starhound,UNL-167/219,Unleashed,Uncommon,Unit,5,6,1,https://cmsassets.rgpub.io/sanity/images/dsfx7636/game_data_live/085edeb9e6bbb0fb71ab902393eb48ea33a8addc-744x1039.png,api-images/UNL-167-219_starhound.png,,,
Revna the Lorekeeper,UNL-005/219,Unleashed,Common,Unit,7,7,1,https://cmsassets.rgpub.io/sanity/images/dsfx7636/game_data_live/8e251eed411d614de504480181b357df3f78b133-744x1039.png,api-images/UNL-005-219_revna-the-lorekeeper.png,,,
Master Yi - Wuju Master (Overnumbered),UNL-231/219,Unleashed,Showcase,Legend,,,,https://cmsassets.rgpub.io/sanity/images/dsfx7636/game_data_live/557e41d84ac36ffa2bf805deda159f45e0a815f9-744x1039.png,api-images/UNL-231-219_master-yi-wuju-master-overnumbered.png,,,
Rengar - Pridestalker (Signature),UNL-227*/219,Unleashed,Showcase,Legend,,,,https://cmsassets.rgpub.io/sanity/images/dsfx7636/game_data_live/9bfffdcab9899c4b0d94ab31d138edd7d2f8e4f1-744x1039.png,api-images/UNL-227*-219_rengar-pridestalker-signature.png,,,
Pyke - Bloodharbor Ripper (Signature),UNL-228*/219,Unleashed,Showcase,Legend,,,,https://cmsassets.rgpub.io/sanity/images/dsfx7636/game_data_live/75ff8f0b0a4ea110dd4af5b14c23da804481387a-744x1039.png,api-images/UNL-228*-219_pyke-bloodharbor-ripper-signature.png,,,
Jhin - Virtuoso (Signature),UNL-226*/219,Unleashed,Showcase,Legend,,,,https://cmsassets.rgpub.io/sanity/images/dsfx7636/game_data_live/94fb0a4944da2427ce615dd2c311a2c9bc781fd2-744x1039.png,api-images/UNL-226*-219_jhin-virtuoso-signature.png,,,
Diana - Lunari (Alternate Art),UNL-079A/219,Unleashed,Showcase,Unit,3,3,,https://cmsassets.rgpub.io/sanity/images/dsfx7636/game_data_live/f538c2659c02af20a173503784989e39a0c291f6-744x1039.png,api-images/UNL-079A-219_diana-lunari-alternate-art.png,,,
Poppy - Paragon,UNL-116/219,Unleashed,Rare,Unit,5,5,,https://cmsassets.rgpub.io/sanity/images/dsfx7636/game_data_live/ef8a8434e1a4c4262dd97213741a4b126cb1449b-744x1039.png,api-images/UNL-116-219_poppy-paragon.png,,,
Isolate,UNL-124/219,Unleashed,Common,Spell,2,,,https://cmsassets.rgpub.io/sanity/images/dsfx7636/game_data_live/bde23f07e4869fa96b14fcab329e782894b1e1e3-744x1039.png,api-images/UNL-124-219_isolate.png,,,
Red Brambleback,UNL-029/219,Unleashed,Epic,Unit,4,4,1,https://cmsassets.rgpub.io/sanity/images/dsfx7636/game_data_live/14e9d009985f6a0d8ab63416aee7570ede42c657-744x1039.png,api-images/UNL-029-219_red-brambleback.png,,,
World Atlas,OPP-086/221,Riftbound Organized Play Promotional Cards,Promo,Gear,3,,,https://cmsassets.rgpub.io/sanity/images/dsfx7636/game_data_live/7b8d96e128c19c5ff368119a60759cffa644e942-744x1039.png,api-images/OPP-086-221_world-atlas.png,,,
Sivir - Battle Mistress (Metal),OPP-203/221,Riftbound Organized Play Promotional Cards,Promo,Legend,,,,https://cmsassets.rgpub.io/sanity/images/dsfx7636/game_data_live/fd060882c32a8deac04aea4241c6ab7b97236a05-744x1039.png,api-images/OPP-203-221_sivir-battle-mistress-metal.png,,,
Rumble - Mechanized Menace (Metal),OPP-181/221,Riftbound Organized Play Promotional Cards,Promo,Legend,,,,https://cmsassets.rgpub.io/sanity/images/dsfx7636/game_data_live/f311115e4c527ce82010596ce462d4050a9201b2-744x1039.png,api-images/OPP-181-221_rumble-mechanized-menace-metal.png,,,
Rek'sai - Void Burrower (Metal),OPP-187/221,Riftbound Organized Play Promotional Cards,Promo,Legend,,,,https://cmsassets.rgpub.io/sanity/images/dsfx7636/game_data_live/2db78549c30d8f9012af797fe075c4dc2355ec5d-744x1039.png,api-images/OPP-187-221_rek-sai-void-burrower-metal.png,,,
Ornn - Fire Below the Mountain (Metal),OPP-189/221,Riftbound Organized Play Promotional Cards,Promo,Legend,,,,https://cmsassets.rgpub.io/sanity/images/dsfx7636/game_data_live/ed58d654034d545e54c85d836f3a6552772dd75b-744x1039.png,api-images/OPP-189-221_ornn-fire-below-the-mountain-metal.png,,,
Lucian - Purifier (Metal),OPP-183/221,Riftbound Organized Play Promotional Cards,Promo,Legend,,,,https://cmsassets.rgpub.io/sanity/images/dsfx7636/game_data_live/450cfb71b8890904d48b37a24bbdc78f8d849614-744x1039.png,api-images/OPP-183-221_lucian-purifier-metal.png,,,
Eclipse,UNL-063/219,Unleashed,Common,Spell,3,,,https://cmsassets.rgpub.io/sanity/images/dsfx7636/game_data_live/9fcef3d1d7de3c219aabcab88d0550c9d8cd4311-744x1039.png,api-images/UNL-063-219_eclipse.png,,,
Forgotten Signpost,UNL-045/219,Unleashed,Uncommon,Gear,2,,,https://cmsassets.rgpub.io/sanity/images/dsfx7636/game_data_live/edf248974d1d97ff5ff1c6745f663fa059dbc82d-744x1039.png,api-images/UNL-045-219_forgotten-signpost.png,,,
Enthralling Protector,UNL-162/219,Unleashed,Uncommon,Unit,2,2,,https://cmsassets.rgpub.io/sanity/images/dsfx7636/game_data_live/3fdfe3bc7c7f81b99aa715bf54b52930ad41dcfa-744x1039.png,api-images/UNL-162-219_enthralling-protector.png,,,
Bone Skewer,UNL-139/219,Unleashed,Rare,Spell,2,,1,https://cmsassets.rgpub.io/sanity/images/dsfx7636/game_data_live/e06e3e3033640bc8a5bc98acd4e3a0925c6e2c9a-744x1039.png,api-images/UNL-139-219_bone-skewer.png,,,
Targonian Visionary,UNL-098/219,Unleashed,Common,Unit,6,6,,https://cmsassets.rgpub.io/sanity/images/dsfx7636/game_data_live/fe645cecdd1f251218f5bf33225cde6c1e12b67e-744x1039.png,api-images/UNL-098-219_targonian-visionary.png,,,
Prepared Neophyte,UNL-004/219,Unleashed,Common,Unit,3,1,,https://cmsassets.rgpub.io/sanity/images/dsfx7636/game_data_live/ad993e451437950e56935a7ecff44fea09e522b2-744x1039.png,api-images/UNL-004-219_prepared-neophyte.png,,,
Determined Sentry,UNL-111/219,Unleashed,Rare,Unit,1,1,,https://cmsassets.rgpub.io/sanity/images/dsfx7636/game_data_live/b491c050b8505c52000c5ad7bb5a0b7855fa4ad1-744x1039.png,api-images/UNL-111-219_determined-sentry.png,,,
LeBlanc - Fragmented,UNL-172/219,Unleashed,Rare,Unit,3,3,1,https://cmsassets.rgpub.io/sanity/images/dsfx7636/game_data_live/ee9f8d7a65e57c1d907edd4e5df2a3ea6966bff9-744x1039.png,api-images/UNL-172-219_leblanc-fragmented.png,,,
LeBlanc - Fragmented (Alternate Art),UNL-172A/219,Unleashed,Showcase,Unit,3,3,1,https://cmsassets.rgpub.io/sanity/images/dsfx7636/game_data_live/d18932d3dddd203c6f68f30279f3886ec2e7130a-744x1039.png,api-images/UNL-172A-219_leblanc-fragmented-alternate-art.png,,,
Tricksy Tentacles,UNL-054/219,Unleashed,Rare,Spell,4,,1,https://cmsassets.rgpub.io/sanity/images/dsfx7636/game_data_live/7e1e77df44c076599fa780f7fd01a4550f67af45-744x1039.png,api-images/UNL-054-219_tricksy-tentacles.png,,,
Undying Legion,UNL-025/219,Unleashed,Rare,Unit,3,3,,https://cmsassets.rgpub.io/sanity/images/dsfx7636/game_data_live/3a6955daff2982e0ba4417533052d5ea334232fb-744x1039.png,api-images/UNL-025-219_undying-legion.png,,,
Sumpworks Map,UNL-085/219,Unleashed,Rare,Gear,2,,,https://cmsassets.rgpub.io/sanity/images/dsfx7636/game_data_live/87c3d5007aa3c3e2c4ff3d5bf78a92a2bee58db3-744x1039.png,api-images/UNL-085-219_sumpworks-map.png,,,
Disposal Order,UNL-103/219,Unleashed,Uncommon,Spell,2,,,https://cmsassets.rgpub.io/sanity/images/dsfx7636/game_data_live/de7b7c683f16a297418bc9a326178c520f17ef2b-744x1039.png,api-images/UNL-103-219_disposal-order.png,,,
Vi - Piltover Enforcer (Overnumbered),UNL-229/219,Unleashed,Showcase,Legend,,,,https://cmsassets.rgpub.io/sanity/images/dsfx7636/game_data_live/08c48ad82381bb5830a0b413d7a2f25dd2b20d76-744x1039.png,api-images/UNL-229-219_vi-piltover-enforcer-overnumbered.png,,,
Vi - Piltover Enforcer (Signature),UNL-229*/219,Unleashed,Showcase,Legend,,,,https://cmsassets.rgpub.io/sanity/images/dsfx7636/game_data_live/0febae9c611339d9ed65c7ebe43237b5ec42c9a3-744x1039.png,api-images/UNL-229*-219_vi-piltover-enforcer-signature.png,,,
Blast Cone,UNL-133/219,Unleashed,Uncommon,Gear,4,,1,https://cmsassets.rgpub.io/sanity/images/dsfx7636/game_data_live/093799f1ad34084f05011f3b326d4d32d96849e5-744x1039.png,api-images/UNL-133-219_blast-cone.png,,,
Katarina - Reckless,UNL-023/219,Unleashed,Rare,Unit,5,5,1,https://cmsassets.rgpub.io/sanity/images/dsfx7636/game_data_live/12da73cb78a9cfa052749f317ed56a27106908c6-744x1039.png,api-images/UNL-023-219_katarina-reckless.png,,,
Towering Combatant,UNL-099/219,Unleashed,Common,Unit,4,3,,https://cmsassets.rgpub.io/sanity/images/dsfx7636/game_data_live/2a2eefa9b85684489e97870145eb2f94b20b60ed-744x1039.png,api-images/UNL-099-219_towering-combatant.png,,,
Lillia - Fae Fawn (Alternate Art),UNL-082A/219,Unleashed,Showcase,Unit,3,3,,https://cmsassets.rgpub.io/sanity/images/dsfx7636/game_data_live/b06072002316a5b86f11750bbe21e9dfb94be08d-744x1039.png,api-images/UNL-082A-219_lillia-fae-fawn-alternate-art.png,,,
Lillia - Fae Fawn,UNL-082/219,Unleashed,Rare,Unit,3,3,,https://cmsassets.rgpub.io/sanity/images/dsfx7636/game_data_live/65d0af5361b335a7e65c7aa03a099fc0de3431e6-744x1039.png,api-images/UNL-082-219_lillia-fae-fawn.png,,,
Keeper of Masks,UNL-081/219,Unleashed,Rare,Unit,2,1,,https://cmsassets.rgpub.io/sanity/images/dsfx7636/game_data_live/67606d98bd3d8816e686dacacb91a56627d4b5f5-744x1039.png,api-images/UNL-081-219_keeper-of-masks.png,,,
Vex - Mocking (Alternate Art),UNL-055A/219,Unleashed,Showcase,Unit,5,5,1,https://cmsassets.rgpub.io/sanity/images/dsfx7636/game_data_live/9594ce4be31689c364a43954a541c4391fe0d4f3-744x1039.png,api-images/UNL-055A-219_vex-mocking-alternate-art.png,,,
Vex - Mocking,UNL-055/219,Unleashed,Rare,Unit,5,5,1,https://cmsassets.rgpub.io/sanity/images/dsfx7636/game_data_live/ed2c20de6ceb7ff23f62ccb28a49fd305c5b15b7-744x1039.png,api-images/UNL-055-219_vex-mocking.png,,,
"Allay, Eager Admirer",UNL-041/219,Unleashed,Uncommon,Unit,3,3,,https://cmsassets.rgpub.io/sanity/images/dsfx7636/game_data_live/bf1045b559b20d3e86383a07de54cd1893e5a94b-744x1039.png,api-images/UNL-041-219_allay-eager-admirer.png,,,
Wuju Apprentice,UNL-040/219,Unleashed,Common,Unit,2,2,,https://cmsassets.rgpub.io/sanity/images/dsfx7636/game_data_live/543789dd1b4b2654392a151d4bb1b0c6263c47dc-744x1039.png,api-images/UNL-040-219_wuju-apprentice.png,,,
Repulse,UNL-106/219,Unleashed,Uncommon,Spell,1,,1,https://cmsassets.rgpub.io/sanity/images/dsfx7636/game_data_live/ca56ad44ec24db67e10a4ee18f5c7f3756c83d94-744x1039.png,api-images/UNL-106-219_repulse.png,,,
Grim Apothecary,UNL-021/219,Unleashed,Rare,Unit,3,3,,https://cmsassets.rgpub.io/sanity/images/dsfx7636/game_data_live/af548bbfc856e306c5feefb34eb6bd9a4e442904-744x1039.png,api-images/UNL-021-219_grim-apothecary.png,,,
Imposing Challenger,UNL-105/219,Unleashed,Uncommon,Unit,5,5,,https://cmsassets.rgpub.io/sanity/images/dsfx7636/game_data_live/01596f6039ef5618fae686e1c7df291e1c570fc3-744x1039.png,api-images/UNL-105-219_imposing-challenger.png,,,
Chakram Dancer,UNL-071/219,Unleashed,Uncommon,Unit,3,3,,https://cmsassets.rgpub.io/sanity/images/dsfx7636/game_data_live/29abe06f1c16a9eed622a5060330116268b73b8c-744x1039.png,api-images/UNL-071-219_chakram-dancer.png,,,
Spectral Centaur,UNL-068/219,Unleashed,Common,Unit,6,5,,https://cmsassets.rgpub.io/sanity/images/dsfx7636/game_data_live/60fb267f2d0cd16714d35a0eefd0d5864304102b-744x1039.png,api-images/UNL-068-219_spectral-centaur.png,,,
Moonlight Affliction,UNL-066/219,Unleashed,Common,Spell,7,,,https://cmsassets.rgpub.io/sanity/images/dsfx7636/game_data_live/8f75280599fdb4d3b6191cf8e8443aadf33ad11e-744x1039.png,api-images/UNL-066-219_moonlight-affliction.png,,,
Trevor Snoozebottom,UNL-048/219,Unleashed,Uncommon,Unit,3,3,,https://cmsassets.rgpub.io/sanity/images/dsfx7636/game_data_live/fa843ee80d1a35416d61482bc1602279955a2c7f-744x1039.png,api-images/UNL-048-219_trevor-snoozebottom.png,,,
Flurry of Feathers,UNL-044/219,Unleashed,Uncommon,Spell,4,,2,https://cmsassets.rgpub.io/sanity/images/dsfx7636/game_data_live/77bd864b29f4975868e557e31a39b94d06a4ecb2-744x1039.png,api-images/UNL-044-219_flurry-of-feathers.png,,,
Double Trouble,UNL-032/219,Unleashed,Common,Spell,2,,,https://cmsassets.rgpub.io/sanity/images/dsfx7636/game_data_live/64e977213f50471ad7b6e8664488fb9017693f71-744x1039.png,api-images/UNL-032-219_double-trouble.png,,,
Clash of Giants,UNL-110/219,Unleashed,Rare,Spell,6,,2,https://cmsassets.rgpub.io/sanity/images/dsfx7636/game_data_live/afe7cbde874003db673925275a13614d5f35266b-744x1039.png,api-images/UNL-110-219_clash-of-giants.png,,,
Irresistible Faefolk,UNL-112/219,Unleashed,Rare,Unit,2,1,,https://cmsassets.rgpub.io/sanity/images/dsfx7636/game_data_live/6834e4b00a22dd6d7476d36884b43cf59b60c611-744x1039.png,api-images/UNL-112-219_irresistible-faefolk.png,,,
Arachnoid Horror,UNL-117/219,Unleashed,Epic,Unit,6,6,1,https://cmsassets.rgpub.io/sanity/images/dsfx7636/game_data_live/ae2ec829a6714ac75e8b203631af08c0c1e1565f-744x1039.png,api-images/UNL-117-219_arachnoid-horror.png,,,
Lunar Boon,UNL-125/219,Unleashed,Common,Spell,3,,,https://cmsassets.rgpub.io/sanity/images/dsfx7636/game_data_live/7dc31cec93a355ba52b8cf2ca0b232a0edd57586-744x1039.png,api-images/UNL-125-219_lunar-boon.png,,,
Vicious Snapjaws,UNL-129/219,Unleashed,Common,Unit,5,5,,https://cmsassets.rgpub.io/sanity/images/dsfx7636/game_data_live/99845de971eb165c7a6bb424050cd9a29b45b548-744x1039.png,api-images/UNL-129-219_vicious-snapjaws.png,,,
Angler Beast,UNL-132/219,Unleashed,Uncommon,Unit,5,5,1,https://cmsassets.rgpub.io/sanity/images/dsfx7636/game_data_live/68872e2119146768f8fa113376876fa64699297d-744x1039.png,api-images/UNL-132-219_angler-beast.png,,,
Scryer's Bloom,UNL-136/219,Unleashed,Uncommon,Gear,1,,,https://cmsassets.rgpub.io/sanity/images/dsfx7636/game_data_live/b10a544d24d3ae3e177d4791743bb2cfb742abcc-744x1039.png,api-images/UNL-136-219_scryer-s-bloom.png,,,
Conscription,UNL-140/219,Unleashed,Rare,Spell,5,,2,https://cmsassets.rgpub.io/sanity/images/dsfx7636/game_data_live/1c05bff48666586a2b3552b5638deaf20d9006f7-744x1039.png,api-images/UNL-140-219_conscription.png,,,
Syndra - Transcendent,UNL-146/219,Unleashed,Rare,Unit,6,6,1,https://cmsassets.rgpub.io/sanity/images/dsfx7636/game_data_live/a3695d011175801aaf6ec5a6557b65b8d6341e81-744x1039.png,api-images/UNL-146-219_syndra-transcendent.png,,,
Bandle Soldier,UNL-151/219,Unleashed,Common,Unit,4,5,1,https://cmsassets.rgpub.io/sanity/images/dsfx7636/game_data_live/e43b54f22e0a038ee1f94ba2e99f80dd89999d8e-744x1039.png,api-images/UNL-151-219_bandle-soldier.png,,,
Carrion Dredger,UNL-153/219,Unleashed,Common,Unit,2,1,,https://cmsassets.rgpub.io/sanity/images/dsfx7636/game_data_live/84d8b6d7a9cab2b78a465a8e0caf597f3ef5a175-744x1039.png,api-images/UNL-153-219_carrion-dredger.png,,,
Shepherd's Heirloom,UNL-158/219,Unleashed,Common,Gear,2,,,https://cmsassets.rgpub.io/sanity/images/dsfx7636/game_data_live/fadd95487f164f60c9ad08a457f11170c6afa420-744x1039.png,api-images/UNL-158-219_shepherd-s-heirloom.png,,,
Soul Harvest,UNL-159/219,Unleashed,Common,Spell,2,,1,https://cmsassets.rgpub.io/sanity/images/dsfx7636/game_data_live/baee7644d00219dfa4160d59e6f6e78e55f5e619-744x1039.png,api-images/UNL-159-219_soul-harvest.png,,,
Shard of Undoing,UNL-174/219,Unleashed,Rare,Gear,6,,,https://cmsassets.rgpub.io/sanity/images/dsfx7636/game_data_live/d167f4e37714f0f8983fce16a9c657bc7ce39642-744x1039.png,api-images/UNL-174-219_shard-of-undoing.png,,,
Valley of Idols,UNL-218/219,Unleashed,Uncommon,Battlefield,,,,https://cmsassets.rgpub.io/sanity/images/dsfx7636/game_data_live/4191aa2fda9e754a7f5421edc94bd829f5795650-1039x744.png,api-images/UNL-218-219_valley-of-idols.png,,,
Honeyfruit,UNL-049/219,Unleashed,Rare,Gear,2,,,https://cmsassets.rgpub.io/sanity/images/dsfx7636/game_data_live/4794052d16d88b12861b348a466673ace098c32e-744x1039.png,api-images/UNL-049-219_honeyfruit.png,,,
Divining Shells,UNL-161/219,Unleashed,Uncommon,Gear,2,,,https://cmsassets.rgpub.io/sanity/images/dsfx7636/game_data_live/f2b626602f5db047b96cf9112474d42bf5b483e7-744x1039.png,api-images/UNL-161-219_divining-shells.png,,,
Safety Inspector,UNL-164/219,Unleashed,Uncommon,Unit,5,3,1,https://cmsassets.rgpub.io/sanity/images/dsfx7636/game_data_live/499e65eb2d35e2bd774ea7fe2a70672234f71e90-744x1039.png,api-images/UNL-164-219_safety-inspector.png,,,
Sprite Burst,UNL-069/219,Unleashed,Common,Spell,5,,,https://cmsassets.rgpub.io/sanity/images/dsfx7636/game_data_live/4427ceffae1c3e7b012167461ce7c080bb2c1fe4-744x1039.png,api-images/UNL-069-219_sprite-burst.png,,,
Baron Nashor (Ultimate),UNL-238/219,Unleashed,Showcase,Unit,10,12,3,https://cmsassets.rgpub.io/sanity/images/dsfx7636/game_data_live/7e8d207a8057b97f9059ea6025a16e59229dc54d-744x1039.png,api-images/UNL-238-219_baron-nashor-ultimate.png,,,
Vault Breaker,UNL-010/219,Unleashed,Common,Spell,1,,1,https://cmsassets.rgpub.io/sanity/images/dsfx7636/game_data_live/8046c9f133be83268d7dc9788abea58f461914d8-744x1039.png,api-images/UNL-010-219_vault-breaker.png,,,
Grim Resolve,UNL-095/219,Unleashed,Common,Spell,2,,,https://cmsassets.rgpub.io/sanity/images/dsfx7636/game_data_live/4705a4ef2589f2a82021f1b70dcdb7e289a88fdf-744x1039.png,api-images/UNL-095-219_grim-resolve.png,,,
Tactical Retreat,UNL-175/219,Unleashed,Rare,Spell,2,,,https://cmsassets.rgpub.io/sanity/images/dsfx7636/game_data_live/cd5abf6c27f5faac247f6044306db3d710fb9d61-744x1039.png,api-images/UNL-175-219_tactical-retreat.png,,,
Sprite Queen,UNL-084/219,Unleashed,Rare,Unit,7,6,1,https://cmsassets.rgpub.io/sanity/images/dsfx7636/game_data_live/64b7debe0dd3d7b644f627eba562187bc45dd313-744x1039.png,api-images/UNL-084-219_sprite-queen.png,,,
Kinkou Initiate,UNL-097/219,Unleashed,Common,Unit,3,3,,https://cmsassets.rgpub.io/sanity/images/dsfx7636/game_data_live/358c56479ff4a02df622827092265fe4e8373fc2-744x1039.png,api-images/UNL-097-219_kinkou-initiate.png,,,
Yeti Brawler,UNL-018/219,Unleashed,Uncommon,Unit,6,6,,https://cmsassets.rgpub.io/sanity/images/dsfx7636/game_data_live/38b59ae384ef6df8c94d5c51418101b2630b43a7-744x1039.png,api-images/UNL-018-219_yeti-brawler.png,,,
Fate Weaver,UNL-064/219,Unleashed,Common,Unit,5,4,,https://cmsassets.rgpub.io/sanity/images/dsfx7636/game_data_live/ab713d332b48a7526585b0be3718fea9e9f93622-744x1039.png,api-images/UNL-064-219_fate-weaver.png,,,
Gentle Gemdragon,UNL-104/219,Unleashed,Uncommon,Unit,8,8,,https://cmsassets.rgpub.io/sanity/images/dsfx7636/game_data_live/65fcaff267b7f27cbda09ad23f2449188195d28e-744x1039.png,api-images/UNL-104-219_gentle-gemdragon.png,,,
Abandoned Hall,UNL-205/219,Unleashed,Uncommon,Battlefield,,,,https://cmsassets.rgpub.io/sanity/images/dsfx7636/game_data_live/7447b04d1e78192509e89e5ff3556368ea5c471a-1039x744.png,api-images/UNL-205-219_abandoned-hall.png,,,
Black Rose Dignitary,UNL-152/219,Unleashed,Common,Unit,3,2,,https://cmsassets.rgpub.io/sanity/images/dsfx7636/game_data_live/b63912e07914c3ef7e2bcdb95d5521fc26c880f2-744x1039.png,api-images/UNL-152-219_black-rose-dignitary.png,,,
Dragonsoul Sage,UNL-093/219,Unleashed,Common,Unit,2,1,,https://cmsassets.rgpub.io/sanity/images/dsfx7636/game_data_live/2065a3b0fef9779fed8a3d42202606a31acf59ff-744x1039.png,api-images/UNL-093-219_dragonsoul-sage.png,,,
Petal Pixie,UNL-076/219,Unleashed,Uncommon,Unit,2,2,,https://cmsassets.rgpub.io/sanity/images/dsfx7636/game_data_live/68189fb5a6b3193e8925969ac0c545bc78b210c9-744x1039.png,api-images/UNL-076-219_petal-pixie.png,,,
Jax - Grandmaster At Arms (Metal),OPP-193/221,Riftbound Organized Play Promotional Cards,Promo,Legend,,,,https://cmsassets.rgpub.io/sanity/images/dsfx7636/game_data_live/c6ddf49d7249bc8ac194fd9b194bfcb8857a4466-744x1039.png,api-images/OPP-193-221_jax-grandmaster-at-arms-metal.png,,,
Ruined Rex,UNL-067/219,Unleashed,Common,Unit,6,6,1,https://cmsassets.rgpub.io/sanity/images/dsfx7636/game_data_live/05fc9613bd3a3c3c5002ff1d7d665b37fd18dcb7-744x1039.png,api-images/UNL-067-219_ruined-rex.png,,,
Skyward Strike,UNL-038/219,Unleashed,Common,Spell,2,,1,https://cmsassets.rgpub.io/sanity/images/dsfx7636/game_data_live/998740e590fec024f204ad26ed7e2dad2a0c8d66-744x1039.png,api-images/UNL-038-219_skyward-strike.png,,,
Arena Kingpin,UNL-001/219,Unleashed,Common,Unit,5,3,,https://cmsassets.rgpub.io/sanity/images/dsfx7636/game_data_live/db48f8c1da0e4f9804ae94398f0864859db0002a-744x1039.png,api-images/UNL-001-219_arena-kingpin.png,,,
Scorchclaw,UNL-016/219,Unleashed,Uncommon,Unit,3,3,1,https://cmsassets.rgpub.io/sanity/images/dsfx7636/game_data_live/f69940824f8ce62a479df28988dcbdf6ea6d3960-744x1039.png,api-images/UNL-016-219_scorchclaw.png,,,
Monster Harpoon,UNL-014/219,Unleashed,Uncommon,Spell,1,,1,https://cmsassets.rgpub.io/sanity/images/dsfx7636/game_data_live/ed51ed36ad0938048ee50894d75d299c29d17759-744x1039.png,api-images/UNL-014-219_monster-harpoon.png,,,
Alpha Wildclaw,UNL-057/219,Unleashed,Epic,Unit,6,7,2,https://cmsassets.rgpub.io/sanity/images/dsfx7636/game_data_live/39ec974dae18bf82fcc18a95044d8df04cc14d3c-744x1039.png,api-images/UNL-057-219_alpha-wildclaw.png,,,
Smoke and Mirrors,UNL-083/219,Unleashed,Rare,Spell,2,,,https://cmsassets.rgpub.io/sanity/images/dsfx7636/game_data_live/38886634ee8646707d9c26020f977f14c934a4c0-744x1039.png,api-images/UNL-083-219_smoke-and-mirrors.png,,,
Nami - Headstrong,UNL-052/219,Unleashed,Rare,Unit,3,3,,https://cmsassets.rgpub.io/sanity/images/dsfx7636/game_data_live/c65521065700f308689608fc6c4fa8963f3264c0-744x1039.png,api-images/UNL-052-219_nami-headstrong.png,,,
Maduli the Gatekeeper,UNL-144/219,Unleashed,Rare,Unit,7,6,1,https://cmsassets.rgpub.io/sanity/images/dsfx7636/game_data_live/20f1b46435845de99987e37125e0ef7bd61c00bb-744x1039.png,api-images/UNL-144-219_maduli-the-gatekeeper.png,,,
Vex - Apathetic,UNL-150/219,Unleashed,Epic,Unit,4,4,,https://cmsassets.rgpub.io/sanity/images/dsfx7636/game_data_live/7f13b0216c5d805400bb64cf26cd119acfc6c5ca-744x1039.png,api-images/UNL-150-219_vex-apathetic.png,,,
Vex - Apathetic (Alternate Art),UNL-150A/219,Unleashed,Showcase,Unit,4,4,,https://cmsassets.rgpub.io/sanity/images/dsfx7636/game_data_live/9dd2a50fcfe6258ef934bdcf73b2fdb19d18ea94-744x1039.png,api-images/UNL-150A-219_vex-apathetic-alternate-art.png,,,
Altar of Blood,UNL-206/219,Unleashed,Uncommon,Battlefield,,,,https://cmsassets.rgpub.io/sanity/images/dsfx7636/game_data_live/a17e5bb639866671772dc514a6096a5863712f71-1039x744.png,api-images/UNL-206-219_altar-of-blood.png,,,
Amateur Recital,UNL-207/219,Unleashed,Uncommon,Battlefield,,,,https://cmsassets.rgpub.io/sanity/images/dsfx7636/game_data_live/9372a1574aa077e8b02cc6f00a1add060ae3b520-1039x744.png,api-images/UNL-207-219_amateur-recital.png,,,
Gold // Buff,SFD-T03,Spiritforged,Common,Gear,,,,https://cmsassets.rgpub.io/sanity/images/dsfx7636/game_data_live/e878c39b562a4e870e93b819c6d85cdf3fdc5238-744x1039.png,api-images/SFD-T03_gold-buff.png,,,
Square Up,UNL-017/219,Unleashed,Uncommon,Spell,4,,,https://cmsassets.rgpub.io/sanity/images/dsfx7636/game_data_live/5e14c09db2f064e5f6986f500a04335d73d459dd-744x1039.png,api-images/UNL-017-219_square-up.png,,,
Master Yi - Wuju Bladesman (Metal),OPP-019/024,Riftbound Organized Play Promotional Cards,Promo,Legend,,,,https://cmsassets.rgpub.io/sanity/images/dsfx7636/game_data_live/8231ced23eaf22ca3bf62ec8cb86b83a3e222da6-744x1039.png,api-images/OPP-019-024_master-yi-wuju-bladesman-metal.png,,,
Lux - Lady of Luminosity,OPP-021/024,Riftbound Organized Play Promotional Cards,Promo,Legend,,,,https://cmsassets.rgpub.io/sanity/images/dsfx7636/game_data_live/44885d811b70621b188d9813b2b10b5cff1b81e6-744x1039.png,api-images/OPP-021-024_lux-lady-of-luminosity.png,,,
Highlander,OPP-020/024,Riftbound Organized Play Promotional Cards,Promo,Spell,4,,,https://cmsassets.rgpub.io/sanity/images/dsfx7636/game_data_live/18c0818cbbfdf26a1237b4f7703b1f035f47b014-744x1039.png,api-images/OPP-020-024_highlander.png,,,
Master Yi - Wuju Bladesman,OPP-019/024,Riftbound Organized Play Promotional Cards,Promo,Legend,,,,https://cmsassets.rgpub.io/sanity/images/dsfx7636/game_data_live/8231ced23eaf22ca3bf62ec8cb86b83a3e222da6-744x1039.png,api-images/OPP-019-024_master-yi-wuju-bladesman.png,,,
Tibbers,OPP-018/024,Riftbound Organized Play Promotional Cards,Promo,Unit,8,7,2,https://cmsassets.rgpub.io/sanity/images/dsfx7636/game_data_live/74f8bc78573b33d9979b0e9c121b858d770a490c-744x1039.png,api-images/OPP-018-024_tibbers.png,,,
Annie - Dark Child,OPP-017/024,Riftbound Organized Play Promotional Cards,Promo,Legend,,,,https://cmsassets.rgpub.io/sanity/images/dsfx7636/game_data_live/89963e1d1cffd69c620fb5d6b037f50d5c334463-744x1039.png,api-images/OPP-017-024_annie-dark-child.png,,,
Yone - Blademaster,OPP-116/221,Riftbound Organized Play Promotional Cards,Promo,Unit,5,5,1,https://cmsassets.rgpub.io/sanity/images/dsfx7636/game_data_live/0e8efd9af74b65170e04eed45844e6d7e2c4d70b-744x1039.png,api-images/OPP-116-221_yone-blademaster.png,,,
Garen - Might of Demacia (Metal),OPP-023/024,Riftbound Organized Play Promotional Cards,Promo,Legend,,,,https://cmsassets.rgpub.io/sanity/images/dsfx7636/game_data_live/e7185deb46f17770802d06aeddfe3b929afff880-744x1039.png,api-images/OPP-023-024_garen-might-of-demacia-metal.png,,,
Lux - Lady of Luminosity (Metal),OPP-021/024,Riftbound Organized Play Promotional Cards,Rare,Legend,,,,https://cmsassets.rgpub.io/sanity/images/dsfx7636/game_data_live/44885d811b70621b188d9813b2b10b5cff1b81e6-744x1039.png,api-images/OPP-021-024_lux-lady-of-luminosity-metal.png,,,
Final Spark,OPP-022/024,Riftbound Organized Play Promotional Cards,Promo,Spell,8,,,https://cmsassets.rgpub.io/sanity/images/dsfx7636/game_data_live/4558a2dc1bb1f1b8a73ec0d82244654e84b12687-744x1039.png,api-images/OPP-022-024_final-spark.png,,,
Annie - Dark Child (Metal),OPP-017/024,Riftbound Organized Play Promotional Cards,Promo,Legend,,,,https://cmsassets.rgpub.io/sanity/images/dsfx7636/game_data_live/89963e1d1cffd69c620fb5d6b037f50d5c334463-744x1039.png,api-images/OPP-017-024_annie-dark-child-metal.png,,,
Sett - The Boss (Metal),OPP-269/298,Riftbound Organized Play Promotional Cards,Promo,Legend,,,,https://cmsassets.rgpub.io/sanity/images/dsfx7636/game_data_live/b132becb843b2cf418cb110ead64758f49f51554-744x1039.png,api-images/OPP-269-298_sett-the-boss-metal.png,,,
Miss Fortune - Bounty Hunter (Metal),OPP-267/298,Riftbound Organized Play Promotional Cards,Promo,Legend,,,,https://cmsassets.rgpub.io/sanity/images/dsfx7636/game_data_live/cc11261fcdbf0851525030bd9e835b718efad3bc-744x1040.png,api-images/OPP-267-298_miss-fortune-bounty-hunter-metal.png,,,
Viktor - Herald of the Arcane (Metal),OPP-265/298,Riftbound Organized Play Promotional Cards,Promo,Legend,,,,https://cmsassets.rgpub.io/sanity/images/dsfx7636/game_data_live/913236dabf1e4f71650bbba46870fff8163e2eff-744x1039.png,api-images/OPP-265-298_viktor-herald-of-the-arcane-metal.png,,,
Teemo - Swift Scout (Metal),OPP-263/298,Riftbound Organized Play Promotional Cards,Promo,Legend,,,,https://cmsassets.rgpub.io/sanity/images/dsfx7636/game_data_live/9723181e3392bb61c2aabc804a44f7b0558cedf1-744x1039.png,api-images/OPP-263-298_teemo-swift-scout-metal.png,,,
Leona - Radiant Dawn (Metal),OPP-261/298,Riftbound Organized Play Promotional Cards,Promo,Legend,,,,https://cmsassets.rgpub.io/sanity/images/dsfx7636/game_data_live/822b8bc7987a47498550708b18ef166b121fd620-744x1039.png,api-images/OPP-261-298_leona-radiant-dawn-metal.png,,,
Yasuo - Unforgiven (Metal),OPP-259/298,Riftbound Organized Play Promotional Cards,Promo,Legend,,,,https://cmsassets.rgpub.io/sanity/images/dsfx7636/game_data_live/68e4d3230b785738ae9d86f780f7f5607ef11807-744x1040.png,api-images/OPP-259-298_yasuo-unforgiven-metal.png,,,
Stellacorn Herder,OPP-048/221,Riftbound Organized Play Promotional Cards,Promo,Unit,4,3,,https://cmsassets.rgpub.io/sanity/images/dsfx7636/game_data_live/1e7960a35d45dd55e934260ea23307853aa5afd4-744x1039.png,api-images/OPP-048-221_stellacorn-herder.png,,,
Garen - Rugged,OPP-007/024,Riftbound Organized Play Promotional Cards,Promo,Unit,6,5,1,https://cmsassets.rgpub.io/sanity/images/dsfx7636/game_data_live/67c22dc29a7a28dabe0f169a7848c25bef1fbda4-744x1039.png,api-images/OPP-007-024_garen-rugged.png,,,
Sea Monkey,OPP-098/221,Riftbound Organized Play Promotional Cards,Promo,Unit,2,2,,https://cmsassets.rgpub.io/sanity/images/dsfx7636/game_data_live/0ef7f1de2bc7845f5e3dace1634c6c58a8765452-744x1039.png,api-images/OPP-098-221_sea-monkey.png,,,
Cloth Armor,OPP-064/221,Riftbound Organized Play Promotional Cards,Promo,Gear,1,,,https://cmsassets.rgpub.io/sanity/images/dsfx7636/game_data_live/fe02bf01609ff2e6cc6fa8fbd578fd596ab5cb84-744x1039.png,api-images/OPP-064-221_cloth-armor.png,,,
Lux - Illuminated,OPP-006/024,Riftbound Organized Play Promotional Cards,Promo,Unit,6,5,1,https://cmsassets.rgpub.io/sanity/images/dsfx7636/game_data_live/a0d10edf30abb6fde21f5d386e9a7db3c1b0a098-744x1039.png,api-images/OPP-006-024_lux-illuminated.png,,,
Production Surge,OPP-076/221,Riftbound Organized Play Promotional Cards,Promo,Spell,4,,1,https://cmsassets.rgpub.io/sanity/images/dsfx7636/game_data_live/78783854dd9372138e599affbe96a269d8908c29-744x1039.png,api-images/OPP-076-221_production-surge.png,,,
Frostcoat Cub,OPP-067/221,Riftbound Organized Play Promotional Cards,Promo,Unit,3,3,,https://cmsassets.rgpub.io/sanity/images/dsfx7636/game_data_live/0b5f1f6ed65e070d2878b8aa21fd95e43688fc1d-744x1039.png,api-images/OPP-067-221_frostcoat-cub.png,,,
Doran's Shield,OPP-033/221,Riftbound Organized Play Promotional Cards,Promo,Gear,1,,,https://cmsassets.rgpub.io/sanity/images/dsfx7636/game_data_live/49a24d4c6d770ed233c4a69bf8d87385bfc997d8-744x1039.png,api-images/OPP-033-221_doran-s-shield.png,,,
Master Yi - Meditative,OPP-004/024,Riftbound Organized Play Promotional Cards,Promo,Unit,5,4,1,https://cmsassets.rgpub.io/sanity/images/dsfx7636/game_data_live/5508566c8f05f09492148faa803332a731095eb7-744x1039.png,api-images/OPP-004-024_master-yi-meditative.png,,,
Lee Sin - Blind Monk (Metal),OPP-257/298,Riftbound Organized Play Promotional Cards,Promo,Legend,,,,https://cmsassets.rgpub.io/sanity/images/dsfx7636/game_data_live/ffe064e002d3b9a366748eb85102a769b2545835-744x1039.png,api-images/OPP-257-298_lee-sin-blind-monk-metal.png,,,
Navori Scout,OPP-037/221,Riftbound Organized Play Promotional Cards,Promo,Unit,4,4,,https://cmsassets.rgpub.io/sanity/images/dsfx7636/game_data_live/038625518f5b46f5217d300d9dc9fbf507c4ae09-744x1039.png,api-images/OPP-037-221_navori-scout.png,,,
Serrated Dirk,OPP-009/221,Riftbound Organized Play Promotional Cards,Promo,Gear,1,,,https://cmsassets.rgpub.io/sanity/images/dsfx7636/game_data_live/9498c8146745124fc45a7b55184854a9c9da21f5-744x1039.png,api-images/OPP-009-221_serrated-dirk.png,,,
Annie - Fiery,OPP-001/024,Riftbound Organized Play Promotional Cards,Promo,Unit,5,4,1,https://cmsassets.rgpub.io/sanity/images/dsfx7636/game_data_live/532d75dc36a16eb5954253a77366fcceac7aec62-744x1039.png,api-images/OPP-001-024_annie-fiery.png,,,
Gem Jammer,OPP-007/221,Riftbound Organized Play Promotional Cards,Promo,Unit,2,2,,https://cmsassets.rgpub.io/sanity/images/dsfx7636/game_data_live/9f487e8a76e6e6b9f2e32de0c9c147be42f49e59-744x1039.png,api-images/OPP-007-221_gem-jammer.png,,,
Blast Corps Cadet,OPP-013/221,Riftbound Organized Play Promotional Cards,Promo,Unit,2,2,,https://cmsassets.rgpub.io/sanity/images/dsfx7636/game_data_live/9efe5a8322a90822650ff18578cd5e1a8561fac5-744x1039.png,api-images/OPP-013-221_blast-corps-cadet.png,,,
Decisive Strike,OPP-024/024,Riftbound Organized Play Promotional Cards,Promo,Spell,5,,1,https://cmsassets.rgpub.io/sanity/images/dsfx7636/game_data_live/986782271be078c184a8d1c196e375106459c6c5-744x1039.png,api-images/OPP-024-024_decisive-strike.png,,,
Garen - Might of Demacia,OPP-023/024,Riftbound Organized Play Promotional Cards,Promo,Legend,,,,https://cmsassets.rgpub.io/sanity/images/dsfx7636/game_data_live/e7185deb46f17770802d06aeddfe3b929afff880-744x1039.png,api-images/OPP-023-024_garen-might-of-demacia.png,,,
Stacked Deck,OPP-183/298,Riftbound Organized Play Promotional Cards,Promo,Spell,1,,,https://cmsassets.rgpub.io/sanity/images/dsfx7636/game_data_live/fdcb22cb620a4c1c37920d6b744edb615647cbd4-744x1039.png,api-images/OPP-183-298_stacked-deck.png,,,
Blazing Scorcher,OPP-001/298,Riftbound Organized Play Promotional Cards,Promo,Unit,5,5,,https://cmsassets.rgpub.io/sanity/images/dsfx7636/game_data_live/15ed971e4029a92b362a81ccadf309fb81e40b81-744x1039.png,api-images/OPP-001-298_blazing-scorcher.png,,,
Pakaa Cub,OPP-135/298,Riftbound Organized Play Promotional Cards,Promo,Unit,3,3,,https://cmsassets.rgpub.io/sanity/images/dsfx7636/game_data_live/156a66d7d44165367cc5a470fb35c86f337f9429-744x1039.png,api-images/OPP-135-298_pakaa-cub.png,,,
Vanguard Captain,OPP-218/298,Riftbound Organized Play Promotional Cards,Promo,Unit,3,3,1,https://cmsassets.rgpub.io/sanity/images/dsfx7636/game_data_live/f0c9ddb2af7a0d4991938cf1e3058eb0f5d2e357-744x1039.png,api-images/OPP-218-298_vanguard-captain.png,,,
Consult the Past,OPP-083/298,Riftbound Organized Play Promotional Cards,Promo,Spell,4,,,https://cmsassets.rgpub.io/sanity/images/dsfx7636/game_data_live/198d950d3933972273ec714e9264cbd563ea6920-744x1039.png,api-images/OPP-083-298_consult-the-past.png,,,
Challenge,OPP-128/298,Riftbound Organized Play Promotional Cards,Promo,Spell,2,,1,https://cmsassets.rgpub.io/sanity/images/dsfx7636/game_data_live/f5c1aeaee373c481b7ea2a638cd6f9e815ac105d-744x1039.png,api-images/OPP-128-298_challenge.png,,,
Vengeance,OPP-229/298,Riftbound Organized Play Promotional Cards,Promo,Spell,4,,2,https://cmsassets.rgpub.io/sanity/images/dsfx7636/game_data_live/a21e2ffee47ecdd1575bf48edb8c2a84722cc6b9-744x1039.png,api-images/OPP-229-298_vengeance.png,,,
Pouty Poro,OPP-013/298,Riftbound Organized Play Promotional Cards,Promo,Unit,2,2,,https://cmsassets.rgpub.io/sanity/images/dsfx7636/game_data_live/d541bf3bcb5aa3ad0d48d87f5753569b72ac426f-744x1039.png,api-images/OPP-013-298_pouty-poro.png,,,
Stalwart Poro,OPP-052/298,Riftbound Organized Play Promotional Cards,Promo,Unit,2,2,,https://cmsassets.rgpub.io/sanity/images/dsfx7636/game_data_live/c4a5d7178e783c3975749271b6df333a82a2328a-744x1039.png,api-images/OPP-052-298_stalwart-poro.png,,,
Stormclaw Ursine,OPP-137/298,Riftbound Organized Play Promotional Cards,Promo,Unit,7,6,,https://cmsassets.rgpub.io/sanity/images/dsfx7636/game_data_live/137e5a1faec1c8b26a5a0abc7802f6461cc725c8-744x1039.png,api-images/OPP-137-298_stormclaw-ursine.png,,,
Chaos Rune,OPP-166B/298,Riftbound Organized Play Promotional Cards,Promo,Rune,,,,https://cmsassets.rgpub.io/sanity/images/dsfx7636/game_data_live/daf23b0deaa5e1a5a5d310b59e9ad25d1bd70363-744x1039.png,api-images/OPP-166B-298_chaos-rune.png,,,
Body Rune,OPP-126B/298,Riftbound Organized Play Promotional Cards,Promo,Rune,,,,https://cmsassets.rgpub.io/sanity/images/dsfx7636/game_data_live/3b3c3c07626d6180457c849047e0228dc0d19539-744x1039.png,api-images/OPP-126B-298_body-rune.png,,,
Calm Rune,OPP-042B/298,Riftbound Organized Play Promotional Cards,Promo,Rune,,,,https://cmsassets.rgpub.io/sanity/images/dsfx7636/game_data_live/0a0e8c3d16c2595e2f8efcc2b1466226539b506c-744x1039.png,api-images/OPP-042B-298_calm-rune.png,,,
Order Rune,OPP-214B/298,Riftbound Organized Play Promotional Cards,Promo,Rune,,,,https://cmsassets.rgpub.io/sanity/images/dsfx7636/game_data_live/35ec6fdd2124324bb7052cba31c8c44f2e98f3ae-744x1039.png,api-images/OPP-214B-298_order-rune.png,,,
Fury Rune,OPP-007B/298,Riftbound Organized Play Promotional Cards,Promo,Rune,,,,https://cmsassets.rgpub.io/sanity/images/dsfx7636/game_data_live/12bcd0cde5d9ff4640e82945001e9fef863530f1-744x1039.png,api-images/OPP-007B-298_fury-rune.png,,,
Mind Rune,OPP-089B/298,Riftbound Organized Play Promotional Cards,Promo,Rune,,,,https://cmsassets.rgpub.io/sanity/images/dsfx7636/game_data_live/f99aa4874baaebd2e81798c8a3aa01c5900f6d30-744x1039.png,api-images/OPP-089B-298_mind-rune.png,,,
Teemo - Scout (GG EZ),OPP-197B/298,Riftbound Organized Play Promotional Cards,Promo,Unit,2,1,,https://cmsassets.rgpub.io/sanity/images/dsfx7636/game_data_live/ca8a2e11dd78dd09ad1c9ad3a23e5699254b947e-744x1039.png,api-images/OPP-197B-298_teemo-scout-gg-ez.png,,,
Fae Dragon,OPP-101/221,Riftbound Organized Play Promotional Cards,Promo,Unit,7,7,1,https://cmsassets.rgpub.io/sanity/images/dsfx7636/game_data_live/76aeda6bf59acee92b512f4a0272892673cfce90-744x1039.png,api-images/OPP-101-221_fae-dragon.png,,,
Riptide Rex,OPP-092/298,Riftbound Organized Play Promotional Cards,Promo,Unit,6,6,2,https://cmsassets.rgpub.io/sanity/images/dsfx7636/game_data_live/e09bf1fb6d72da31d415ea31ae7413fe7f02d650-744x1039.png,api-images/OPP-092-298_riptide-rex.png,,,
Daring Poro,OPP-210/298,Riftbound Organized Play Promotional Cards,Promo,Unit,2,2,,https://cmsassets.rgpub.io/sanity/images/dsfx7636/game_data_live/41dee7ec46124c261352595cfbd8a6d38d32b947-744x1039.png,api-images/OPP-210-298_daring-poro.png,,,
Stealthy Pursuer,OPP-177/298,Riftbound Organized Play Promotional Cards,Promo,Unit,4,4,1,https://cmsassets.rgpub.io/sanity/images/dsfx7636/game_data_live/ab23fd84badd67e9981512acbe6c3e9a8f97f42d-744x1039.png,api-images/OPP-177-298_stealthy-pursuer.png,,,
Wielder of Water,OPP-055/298,Riftbound Organized Play Promotional Cards,Promo,Unit,3,2,,https://cmsassets.rgpub.io/sanity/images/dsfx7636/game_data_live/5b38a7758705bd739caf07b5c0c49482a4a23015-744x1039.png,api-images/OPP-055-298_wielder-of-water.png,,,
Discipline,OPP-058/298,Riftbound Organized Play Promotional Cards,Promo,Spell,2,,,https://cmsassets.rgpub.io/sanity/images/dsfx7636/game_data_live/8b9613970b505e3ad6abe2d51d091778314a7d48-744x1039.png,api-images/OPP-058-298_discipline.png,,,
Void Seeker,OPP-024/298,Riftbound Organized Play Promotional Cards,Promo,Spell,3,,1,https://cmsassets.rgpub.io/sanity/images/dsfx7636/game_data_live/5b64b63c6be58ff3c33c7fb3c2dcb168d64e287e-744x1039.png,api-images/OPP-024-298_void-seeker.png,,,
Ravenbloom Student,OPP-103/298,Riftbound Organized Play Promotional Cards,Promo,Unit,2,2,,https://cmsassets.rgpub.io/sanity/images/dsfx7636/game_data_live/b98b1ff793b6eb263957258742cc83d50fda6537-744x1039.png,api-images/OPP-103-298_ravenbloom-student.png,,,
Miss Fortune - Buccaneer,OPP-193/298,Riftbound Organized Play Promotional Cards,Promo,Unit,4,4,1,https://cmsassets.rgpub.io/sanity/images/dsfx7636/game_data_live/e6ff9ad3d6e2b96ff76cda4c7bc75415c1cdcced-744x1039.png,api-images/OPP-193-298_miss-fortune-buccaneer.png,,,
Tryndamere - Barbarian,OPP-034/298,Riftbound Organized Play Promotional Cards,Promo,Unit,7,8,2,https://cmsassets.rgpub.io/sanity/images/dsfx7636/game_data_live/124c93495c927be1baea03fdacf6c7b283cf8b6c-744x1039.png,api-images/OPP-034-298_tryndamere-barbarian.png,,,
Blitzcrank - Impassive,OPP-067/298,Riftbound Organized Play Promotional Cards,Promo,Unit,5,5,1,https://cmsassets.rgpub.io/sanity/images/dsfx7636/game_data_live/654dcc4aef0a0b5a0c6e928d7aae397a52c3ab17-744x1039.png,api-images/OPP-067-298_blitzcrank-impassive.png,,,
Kai'Sa - Daughter of the Void (Metal),OPP-247/298,Riftbound Organized Play Promotional Cards,Promo,Legend,,,,https://cmsassets.rgpub.io/sanity/images/dsfx7636/game_data_live/a576472c7bb00f475882ac814e1d8f9be233b402-744x1040.png,api-images/OPP-247-298_kai-sa-daughter-of-the-void-metal.png,,,
Volibear - Relentless Storm (Metal),OPP-249/298,Riftbound Organized Play Promotional Cards,Promo,Legend,,,,https://cmsassets.rgpub.io/sanity/images/dsfx7636/game_data_live/f1842ef373434db3e8109d8959832f9d184866c3-744x1040.png,api-images/OPP-249-298_volibear-relentless-storm-metal.png,,,
Jinx - Loose Cannon (Metal),OPP-251/298,Riftbound Organized Play Promotional Cards,Promo,Legend,,,,https://cmsassets.rgpub.io/sanity/images/dsfx7636/game_data_live/f57c14381b126e9f5a7b5bc4913151cb24c14fc3-744x1039.png,api-images/OPP-251-298_jinx-loose-cannon-metal.png,,,
Darius - Hand of Noxus (Metal),OPP-253/298,Riftbound Organized Play Promotional Cards,Promo,Legend,,,,https://cmsassets.rgpub.io/sanity/images/dsfx7636/game_data_live/5b9a904048b7fb936377844ec2d31564b7fedf81-744x1039.png,api-images/OPP-253-298_darius-hand-of-noxus-metal.png,,,
Ahri - Nine-Tailed Fox (Metal),OPP-255/298,Riftbound Organized Play Promotional Cards,Promo,Legend,,,,https://cmsassets.rgpub.io/sanity/images/dsfx7636/game_data_live/fbce641f5e4d8cdf2956e8ead5884b6cd3ccd90d-744x1040.png,api-images/OPP-255-298_ahri-nine-tailed-fox-metal.png,,,
Galio - Indefatigable,UNL-171/219,Unleashed,Rare,Unit,3,6,1,https://cmsassets.rgpub.io/sanity/images/dsfx7636/game_data_live/fc3f1248dc4a02ce90ce172c3b3d5ec35e5f14c3-744x1039.png,api-images/UNL-171-219_galio-indefatigable.png,,,
Concentrate,UNL-091/219,Unleashed,Common,Spell,5,,,https://cmsassets.rgpub.io/sanity/images/dsfx7636/game_data_live/5e032420b6dcbdd96dca122b4d7875868feb82ed-744x1039.png,api-images/UNL-091-219_concentrate.png,,,
Herald of Spring,UNL-034/219,Unleashed,Common,Unit,4,4,1,https://cmsassets.rgpub.io/sanity/images/dsfx7636/game_data_live/5bf7ba27b809d22296deb755b6f5324ac46a5a20-744x1039.png,api-images/UNL-034-219_herald-of-spring.png,,,
Soul Sword,UNL-039/219,Unleashed,Common,Gear,1,,,https://cmsassets.rgpub.io/sanity/images/dsfx7636/game_data_live/519361230cb8554cdf0f5dd795e115ffbb5bb932-744x1039.png,api-images/UNL-039-219_soul-sword.png,,,
Gustwalker,UNL-075/219,Unleashed,Uncommon,Unit,3,3,1,https://cmsassets.rgpub.io/sanity/images/dsfx7636/game_data_live/3f314cea0c05d2ea274a81d723299e4e20b2ebde-744x1039.png,api-images/UNL-075-219_gustwalker.png,,,
Trapping Grounds,UNL-217/219,Unleashed,Uncommon,Battlefield,,,,https://cmsassets.rgpub.io/sanity/images/dsfx7636/game_data_live/234bb01e24892aefa024ae402f6ee7703ccdbbd4-1039x744.png,api-images/UNL-217-219_trapping-grounds.png,,,
Zilean - Time Mage,UNL-086/219,Unleashed,Rare,Unit,5,5,1,https://cmsassets.rgpub.io/sanity/images/dsfx7636/game_data_live/2a3165b43bd9878c0eb519bc25d370064aacac35-744x1039.png,api-images/UNL-086-219_zilean-time-mage.png,,,
Rift Herald (Alternate Art),UNL-179A/219,Unleashed,Showcase,Unit,8,7,1,https://cmsassets.rgpub.io/sanity/images/dsfx7636/game_data_live/e8fe608bffa46642e454b0b34f7524c5daef299e-744x1039.png,api-images/UNL-179A-219_rift-herald-alternate-art.png,,,
Kha'Zix - Mutating Horror,UNL-143/219,Unleashed,Rare,Unit,4,4,1,https://cmsassets.rgpub.io/sanity/images/dsfx7636/game_data_live/8306abc5ffce45add8c75c2e215162b2d1aed320-744x1039.png,api-images/UNL-143-219_kha-zix-mutating-horror.png,,,
Blood Rose,UNL-109/219,Unleashed,Rare,Gear,1,,,https://cmsassets.rgpub.io/sanity/images/dsfx7636/game_data_live/64067ebdbe3140e9a458da7ecf7253a5fae9a31b-744x1039.png,api-images/UNL-109-219_blood-rose.png,,,
The Academy,UNL-216/219,Unleashed,Uncommon,Battlefield,,,,https://cmsassets.rgpub.io/sanity/images/dsfx7636/game_data_live/82646c995f3d0b897ce97f7b68c35f5fd9384b8e-1039x744.png,api-images/UNL-216-219_the-academy.png,,,
Forgotten Library,UNL-211/219,Unleashed,Uncommon,Battlefield,,,,https://cmsassets.rgpub.io/sanity/images/dsfx7636/game_data_live/a7905fb94abe453f05a4108cf5424fd1ca50f6de-1039x744.png,api-images/UNL-211-219_forgotten-library.png,,,
Forbidding Waste,UNL-210/219,Unleashed,Uncommon,Battlefield,,,,https://cmsassets.rgpub.io/sanity/images/dsfx7636/game_data_live/83dbc88d462da85be9398c790e88ff13da8637d4-1039x744.png,api-images/UNL-210-219_forbidding-waste.png,,,
Dusk Rose Lab,UNL-209/219,Unleashed,Uncommon,Battlefield,,,,https://cmsassets.rgpub.io/sanity/images/dsfx7636/game_data_live/fa81c474ff29b9d2c42dd4e64a5789bf793e5221-1039x744.png,api-images/UNL-209-219_dusk-rose-lab.png,,,
Existential Dread,UNL-134/219,Unleashed,Uncommon,Spell,1,,1,https://cmsassets.rgpub.io/sanity/images/dsfx7636/game_data_live/0a197ec3bf96e10307859e2a152c1742288b2b09-744x1039.png,api-images/UNL-134-219_existential-dread.png,,,
Elder Dragon,UNL-118/219,Unleashed,Epic,Unit,12,10,4,https://cmsassets.rgpub.io/sanity/images/dsfx7636/game_data_live/fcf578e447d4e2785c8b25f3c39928b98e7b44ca-744x1039.png,api-images/UNL-118-219_elder-dragon.png,,,
Wily Newtfish,UNL-108/219,Unleashed,Uncommon,Unit,4,4,,https://cmsassets.rgpub.io/sanity/images/dsfx7636/game_data_live/4a0b0ebe9f47dadeb3b5f0520ec566a528df9c94-744x1039.png,api-images/UNL-108-219_wily-newtfish.png,,,
Combat Experience,UNL-031/219,Unleashed,Common,Spell,1,,,https://cmsassets.rgpub.io/sanity/images/dsfx7636/game_data_live/537b66b5f0259f80bf25b1aafb78558f4db6886a-744x1039.png,api-images/UNL-031-219_combat-experience.png,,,
Megatusk,UNL-126/219,Unleashed,Common,Unit,6,6,,https://cmsassets.rgpub.io/sanity/images/dsfx7636/game_data_live/d073247bc2437443d8a9901f089632a15d11e7a0-744x1039.png,api-images/UNL-126-219_megatusk.png,,,
Thrill of the Hunt,UNL-184/219,Unleashed,Epic,Spell,2,,1,https://cmsassets.rgpub.io/sanity/images/dsfx7636/game_data_live/2753c2b3ea4fd55e5225a4451a29736b5c3434a8-744x1039.png,api-images/UNL-184-219_thrill-of-the-hunt.png,,,
Shadow's Call,UNL-165/219,Unleashed,Uncommon,Spell,2,,,https://cmsassets.rgpub.io/sanity/images/dsfx7636/game_data_live/5a9a81d353131fc275313e737d55ca6e2661dce6-744x1039.png,api-images/UNL-165-219_shadow-s-call.png,,,
Rengar - Unseen,UNL-024/219,Unleashed,Rare,Unit,4,4,1,https://cmsassets.rgpub.io/sanity/images/dsfx7636/game_data_live/80c7d1c62301dd6e3ced910156f3fdeb8d34a621-744x1039.png,api-images/UNL-024-219_rengar-unseen.png,,,
Rengar - Unseen (Alternate Art),UNL-024A/219,Unleashed,Showcase,Unit,4,4,1,https://cmsassets.rgpub.io/sanity/images/dsfx7636/game_data_live/cdab60d27d6d920f19ebed000b13dc25a439848c-744x1039.png,api-images/UNL-024A-219_rengar-unseen-alternate-art.png,,,
Enthusiastic Promoter,UNL-043/219,Unleashed,Uncommon,Unit,3,2,,https://cmsassets.rgpub.io/sanity/images/dsfx7636/game_data_live/c03bdc371440cbf6de773b0b39010808bfdecea1-744x1039.png,api-images/UNL-043-219_enthusiastic-promoter.png,,,
Turn to Dust,UNL-070/219,Unleashed,Common,Spell,2,,,https://cmsassets.rgpub.io/sanity/images/dsfx7636/game_data_live/4986c0c2fea96d9a88d736789d604374a64d03fb-744x1039.png,api-images/UNL-070-219_turn-to-dust.png,,,
Kha'Zix - Mutating Horror (Alternate Art),UNL-143A/219,Unleashed,Showcase,Unit,4,4,1,https://cmsassets.rgpub.io/sanity/images/dsfx7636/game_data_live/b1e7f8762aba8ecf571eb0c83bba8874703dc8be-744x1039.png,api-images/UNL-143A-219_kha-zix-mutating-horror-alternate-art.png,,,
The Ruination,UNL-180/219,Unleashed,Epic,Spell,9,,3,https://cmsassets.rgpub.io/sanity/images/dsfx7636/game_data_live/f1fea5bfad864f8d58b1b55b04de951285f6ad4e-744x1039.png,api-images/UNL-180-219_the-ruination.png,,,
Black Flame Altar,UNL-208/219,Unleashed,Uncommon,Battlefield,,,,https://cmsassets.rgpub.io/sanity/images/dsfx7636/game_data_live/8cd4edde3e59c8edc8cdcea626fc443c5ed6e1f2-1039x744.png,api-images/UNL-208-219_black-flame-altar.png,,,
Azir - Emperor of the Sands (Metal),OPP-197/221,Riftbound Organized Play Promotional Cards,Promo,Legend,,,,https://cmsassets.rgpub.io/sanity/images/dsfx7636/game_data_live/0472274c49f6540858758ebf9bd2f107a601541a-744x1039.png,api-images/OPP-197-221_azir-emperor-of-the-sands-metal.png,,,
Draven - Glorious Executioner (Metal),OPP-185/221,Riftbound Organized Play Promotional Cards,Promo,Legend,,,,https://cmsassets.rgpub.io/sanity/images/dsfx7636/game_data_live/b01b2d0454ceeffdc106c4c64a390b275ebf390b-744x1039.png,api-images/OPP-185-221_draven-glorious-executioner-metal.png,,,
Ezreal - Prodigal Explorer (Metal),OPP-199/221,Riftbound Organized Play Promotional Cards,Promo,Legend,,,,https://cmsassets.rgpub.io/sanity/images/dsfx7636/game_data_live/d0e143d9edbc14971b2a7b463b3c25b2b6a0c098-744x1039.png,api-images/OPP-199-221_ezreal-prodigal-explorer-metal.png,,,
Fiora - Grand Duelist (Metal),OPP-205/221,Riftbound Organized Play Promotional Cards,Promo,Legend,,,,https://cmsassets.rgpub.io/sanity/images/dsfx7636/game_data_live/37064aa79c13316b5dd28f0a2b054821a43f6650-744x1039.png,api-images/OPP-205-221_fiora-grand-duelist-metal.png,,,
Irelia - Blade Dancer (Metal),OPP-195/221,Riftbound Organized Play Promotional Cards,Promo,Legend,,,,https://cmsassets.rgpub.io/sanity/images/dsfx7636/game_data_live/656ef2d1724b818e9e737ec5dcce923de067a316-744x1039.png,api-images/OPP-195-221_irelia-blade-dancer-metal.png,,,
Laurent Duelist,OPP-156/221,Riftbound Organized Play Promotional Cards,Promo,Unit,4,3,,https://cmsassets.rgpub.io/sanity/images/dsfx7636/game_data_live/7b3410a1d9ee175c4853453798bcd5f09d2e217c-744x1039.png,api-images/OPP-156-221_laurent-duelist.png,,,
Undying Loyalty,UNL-168/219,Unleashed,Uncommon,Spell,2,,1,https://cmsassets.rgpub.io/sanity/images/dsfx7636/game_data_live/703b85f8284ed13865012289d03602e2cd24f4b2-744x1039.png,api-images/UNL-168-219_undying-loyalty.png,,,
Soul Shepherd,UNL-077/219,Unleashed,Uncommon,Unit,5,3,,https://cmsassets.rgpub.io/sanity/images/dsfx7636/game_data_live/cb2a157e715ef103e688e094c21f772003775e45-744x1039.png,api-images/UNL-077-219_soul-shepherd.png,,,
Heimerdinger - Inventor,JDG-111/298,Riftbound Judge Promotional Cards,Promo,Unit,3,3,1,https://cmsassets.rgpub.io/sanity/images/dsfx7636/game_data_live/5b14a5f9d567c90329c151a8cc72d870b47b1434-744x1039.png,api-images/JDG-111-298_heimerdinger-inventor.png,,,
Renata Glasc - Chem-Baroness (Metal),OPP-201/221,Riftbound Organized Play Promotional Cards,Promo,Legend,,,,https://cmsassets.rgpub.io/sanity/images/dsfx7636/game_data_live/4bd289c281ad64229061ff909abf88c12a574833-744x1039.png,api-images/OPP-201-221_renata-glasc-chem-baroness-metal.png,,,
Boneshiver,OPP-118A/221,Riftbound Organized Play Promotional Cards,Promo,Gear,3,,,https://cmsassets.rgpub.io/sanity/images/dsfx7636/game_data_live/c3e4d8c3f3975a7429428ac90e5ebcffa1f8e5a9-744x1039.png,api-images/OPP-118A-221_boneshiver.png,,,
Eye of the Herald,OPP-153/221,Riftbound Organized Play Promotional Cards,Promo,Gear,1,,,https://cmsassets.rgpub.io/sanity/images/dsfx7636/game_data_live/fc3e26e0e4ff94de360f1163c41641daf81c1900-744x1039.png,api-images/OPP-153-221_eye-of-the-herald.png,,,
Garen - Commander,OPP-013/024,Riftbound Organized Play Promotional Cards,Promo,Unit,6,5,1,https://cmsassets.rgpub.io/sanity/images/dsfx7636/game_data_live/cbf2c12d69a86566e4cda07050b2d4495e40187e-744x1039.png,api-images/OPP-013-024_garen-commander.png,,,
Lux - Crownguard,OPP-014/024,Riftbound Organized Play Promotional Cards,Promo,Unit,4,2,,https://cmsassets.rgpub.io/sanity/images/dsfx7636/game_data_live/17d0793ad495727e67bb1c94ae0e11cd4705870f-744x1039.png,api-images/OPP-014-024_lux-crownguard.png,,,
Back Off,UNL-042/219,Unleashed,Uncommon,Spell,3,,,https://cmsassets.rgpub.io/sanity/images/dsfx7636/game_data_live/a0e7f7fa55ae618f94fe48920f92406ddd7e3512-744x1039.png,api-images/UNL-042-219_back-off.png,,,
Unsung Hero,OPP-167/221,Riftbound Organized Play Promotional Cards,Promo,Unit,2,2,,https://cmsassets.rgpub.io/sanity/images/dsfx7636/game_data_live/2a227ef7494af6409000c13c4f3d1094cec3a3a8-744x1039.png,api-images/OPP-167-221_unsung-hero.png,,,
Doran's Ring,OPP-124/221,Riftbound Organized Play Promotional Cards,Promo,Gear,1,,,https://cmsassets.rgpub.io/sanity/images/dsfx7636/game_data_live/054df5a11967b768430a2f763e1b5d4dbbac3b50-744x1039.png,api-images/OPP-124-221_doran-s-ring.png,,,
Annie - Stubborn,OPP-010/024,Riftbound Organized Play Promotional Cards,Promo,Unit,4,3,1,https://cmsassets.rgpub.io/sanity/images/dsfx7636/game_data_live/44eb968cf0c54e75970588b69eef5c5f5ccc9b24-744x1039.png,api-images/OPP-010-024_annie-stubborn.png,,,
Harpoon Squad,OPP-137/221,Riftbound Organized Play Promotional Cards,Promo,Unit,4,4,,https://cmsassets.rgpub.io/sanity/images/dsfx7636/game_data_live/f50d32a202375bf09781ae578db107abe84937e0-744x1039.png,api-images/OPP-137-221_harpoon-squad.png,,,
Treasure Hunter,OPP-130/221,Riftbound Organized Play Promotional Cards,Promo,Unit,2,1,,https://cmsassets.rgpub.io/sanity/images/dsfx7636/game_data_live/c4e1bf257379b4612a1c58f0480480d9b698196c-744x1039.png,api-images/OPP-130-221_treasure-hunter.png,,,
Doran's Blade,OPP-095/221,Riftbound Organized Play Promotional Cards,Promo,Gear,2,,,https://cmsassets.rgpub.io/sanity/images/dsfx7636/game_data_live/53fc0c307c83871c9755a496764ef7d6aa11f510-744x1039.png,api-images/OPP-095-221_doran-s-blade.png,,,
Master Yi - Honed,OPP-009/024,Riftbound Organized Play Promotional Cards,Promo,Unit,7,6,1,https://cmsassets.rgpub.io/sanity/images/dsfx7636/game_data_live/0e16976cd6d7ee5a874be9351b428671990fbd25-744x1039.png,api-images/OPP-009-024_master-yi-honed.png,,,
Bonds of Strength,SFD-151/221,Spiritforged,Common,Spell,2,,,https://cmsassets.rgpub.io/sanity/images/dsfx7636/game_data_live/344034c00d9fad558e98a64efab0310ad4bac37c-744x1039.png,api-images/SFD-151-221_bonds-of-strength.png,,,
Friendship,UNL-046/219,Unleashed,Uncommon,Spell,1,,,https://cmsassets.rgpub.io/sanity/images/dsfx7636/game_data_live/4a1a08ec8c23a2663babd2fc683481888347407a-744x1039.png,api-images/UNL-046-219_friendship.png,,,
Towering Pairofant,UNL-008/219,Unleashed,Common,Unit,6,6,,https://cmsassets.rgpub.io/sanity/images/dsfx7636/game_data_live/47ac3971efe67f7910771709b8bb9a5df5b63952-744x1039.png,api-images/UNL-008-219_towering-pairofant.png,,,
Mageseeker Investigator,UNL-163/219,Unleashed,Uncommon,Unit,4,4,,https://cmsassets.rgpub.io/sanity/images/dsfx7636/game_data_live/004c77c98bc5a6f679191a0d289b26ac13e84728-744x1039.png,api-images/UNL-163-219_mageseeker-investigator.png,,,
Deadly Flourish,UNL-073/219,Unleashed,Uncommon,Spell,4,,,https://cmsassets.rgpub.io/sanity/images/dsfx7636/game_data_live/81195df7122beaba38ebc8b8212ceb0e7593afe9-744x1039.png,api-images/UNL-073-219_deadly-flourish.png,,,
Elder Dragon (Alternate Art),UNL-118A/219,Unleashed,Showcase,Unit,12,10,4,https://cmsassets.rgpub.io/sanity/images/dsfx7636/game_data_live/42d3ce7a0917d57fd9e5809f4d8b66ef40f52d1a-744x1039.png,api-images/UNL-118A-219_elder-dragon-alternate-art.png,,,
Hextech Gauntlets,UNL-188/219,Unleashed,Epic,Gear,3,,,https://cmsassets.rgpub.io/sanity/images/dsfx7636/game_data_live/22755fc744a79fbdcce0ceadfe20d6d0a2b8624a-744x1039.png,api-images/UNL-188-219_hextech-gauntlets.png,,,
Moonfall,UNL-198/219,Unleashed,Epic,Spell,3,,1,https://cmsassets.rgpub.io/sanity/images/dsfx7636/game_data_live/2eda8d4bbee47857b1916599b5c7d5fa7ca400dc-744x1039.png,api-images/UNL-198-219_moonfall.png,,,
Blighted Battleaxe,UNL-019/219,Unleashed,Rare,Gear,4,,,https://cmsassets.rgpub.io/sanity/images/dsfx7636/game_data_live/a6425462180dc6bc3396397cd491c0abae58f616-744x1039.png,api-images/UNL-019-219_blighted-battleaxe.png,,,
Gardens of Becoming,UNL-213/219,Unleashed,Uncommon,Battlefield,,,,https://cmsassets.rgpub.io/sanity/images/dsfx7636/game_data_live/0497a44ab302ea055b6f1f0d00a36c8023ed2344-1039x744.png,api-images/UNL-213-219_gardens-of-becoming.png,,,
Vaults of Helia,UNL-219/219,Unleashed,Uncommon,Battlefield,,,,https://cmsassets.rgpub.io/sanity/images/dsfx7636/game_data_live/9fc7b9a8294665881eece0dacaf3fc70e39f19e4-1039x744.png,api-images/UNL-219-219_vaults-of-helia.png,,,
Ripper's Bay,UNL-214/219,Unleashed,Uncommon,Battlefield,,,,https://cmsassets.rgpub.io/sanity/images/dsfx7636/game_data_live/f6d0540edbabcdb7d5a6859ce2f820f744cb498c-1039x744.png,api-images/UNL-214-219_ripper-s-bay.png,,,
Frozen Fortress,UNL-212/219,Unleashed,Uncommon,Battlefield,,,,https://cmsassets.rgpub.io/sanity/images/dsfx7636/game_data_live/b5e33fdb4ddc8c73e03bca648862fc080aa8bbcf-1039x744.png,api-images/UNL-212-219_frozen-fortress.png,,,
Sharkling,UNL-006/219,Unleashed,Common,Unit,3,1,,https://cmsassets.rgpub.io/sanity/images/dsfx7636/game_data_live/f2aa213fe1e54d0d6f1507c7ed8829c8ba2bc610-744x1039.png,api-images/UNL-006-219_sharkling.png,,,
Pyke - Dockside Butcher,UNL-028/219,Unleashed,Epic,Unit,3,2,,https://cmsassets.rgpub.io/sanity/images/dsfx7636/game_data_live/e0ce05148d7368070bcc8c0a43f66ece0834653a-744x1039.png,api-images/UNL-028-219_pyke-dockside-butcher.png,,,
Pyke - Dockside Butcher (Alternate Art),UNL-028A/219,Unleashed,Showcase,Unit,3,2,,https://cmsassets.rgpub.io/sanity/images/dsfx7636/game_data_live/583f1c15c1bdc47c9d4ebb41a210c182262c8ee9-744x1039.png,api-images/UNL-028A-219_pyke-dockside-butcher-alternate-art.png,,,
Warwick - Hunter,OGN-159/298,Origins,Rare,Unit,6,5,1,https://cmsassets.rgpub.io/sanity/images/dsfx7636/game_data_live/fcbf878905001fa81858e9f081346fd05425f264-744x1039.png,api-images/OGN-159-298_warwick-hunter.png,,,
Cemetery Attendant,OGN-165/298,Origins,Common,Unit,3,3,1,https://cmsassets.rgpub.io/sanity/images/dsfx7636/game_data_live/6bbbe6923105c53fc6b2a44430db940e009609b6-744x1039.png,api-images/OGN-165-298_cemetery-attendant.png,,,
Sett - Brawler (Alternate Art),OGN-164A/298,Origins,Showcase,Unit,5,4,1,https://cmsassets.rgpub.io/sanity/images/dsfx7636/game_data_live/26e65c15e8a1ce1a9cd60d96345c7916e67e00ac-744x1039.png,api-images/OGN-164A-298_sett-brawler-alternate-art.png,,,
Sett - Brawler,OGN-164/298,Origins,Epic,Unit,5,4,1,https://cmsassets.rgpub.io/sanity/images/dsfx7636/game_data_live/00ddd4d478f2e49e18a60ed67f4d1452041b7da3-744x1039.png,api-images/OGN-164-298_sett-brawler.png,,,
Seal of Strength,OGN-163/298,Origins,Epic,Gear,0,,1,https://cmsassets.rgpub.io/sanity/images/dsfx7636/game_data_live/415644b2798348e3d7198ec900cc40aaa4eb8bdf-744x1039.png,api-images/OGN-163-298_seal-of-strength.png,,,
Miss Fortune - Captain (Alternate Art),OGN-162A/298,Origins,Showcase,Unit,5,5,1,https://cmsassets.rgpub.io/sanity/images/dsfx7636/game_data_live/6a7a0dfa952259993fa0d8998a820585ff4f81c6-744x1039.png,api-images/OGN-162A-298_miss-fortune-captain-alternate-art.png,,,
Miss Fortune - Captain,OGN-162/298,Origins,Epic,Unit,5,5,1,https://cmsassets.rgpub.io/sanity/images/dsfx7636/game_data_live/3c7b219245cd6c6ee835974dd74771bc605289de-744x1039.png,api-images/OGN-162-298_miss-fortune-captain.png,,,
Deadbloom Predator,OGN-161/298,Origins,Epic,Unit,8,8,2,https://cmsassets.rgpub.io/sanity/images/dsfx7636/game_data_live/112b4b3847b26ea2d245ac0976717d109be7b032-744x1039.png,api-images/OGN-161-298_deadbloom-predator.png,,,
Dazzling Aurora,OGN-160/298,Origins,Epic,Gear,9,,2,https://cmsassets.rgpub.io/sanity/images/dsfx7636/game_data_live/c023856a50c75058465f283d181277ce265ba108-744x1039.png,api-images/OGN-160-298_dazzling-aurora.png,,,
Chaos Rune,OGN-166/298,Origins,Common,Rune,,,,https://cmsassets.rgpub.io/sanity/images/dsfx7636/game_data_live/daf23b0deaa5e1a5a5d310b59e9ad25d1bd70363-744x1039.png,api-images/OGN-166-298_chaos-rune.png,,,
Volibear - Imposing (Alternate Art),OGN-158A/298,Origins,Showcase,Unit,12,10,2,https://cmsassets.rgpub.io/sanity/images/dsfx7636/game_data_live/faceb90b6a46e79eadba43871b8cffe1ec5037a7-744x1039.png,api-images/OGN-158A-298_volibear-imposing-alternate-art.png,,,
Volibear - Imposing,OGN-158/298,Origins,Rare,Unit,12,10,2,https://cmsassets.rgpub.io/sanity/images/dsfx7636/game_data_live/bcb15f95f4a72f8b070a3b1cd54e6482fe1a4b3e-744x1039.png,api-images/OGN-158-298_volibear-imposing.png,,,
Udyr - Wildman,OGN-157/298,Origins,Rare,Unit,6,6,1,https://cmsassets.rgpub.io/sanity/images/dsfx7636/game_data_live/2e461e5d05b5ee86e47a425c42c6f3b3c12bc4cf-744x1039.png,api-images/OGN-157-298_udyr-wildman.png,,,
Sabotage,OGN-156/298,Origins,Rare,Spell,1,,1,https://cmsassets.rgpub.io/sanity/images/dsfx7636/game_data_live/70f186b85fd224ee23dcf64957f0fab835d28040-744x1039.png,api-images/OGN-156-298_sabotage.png,,,
Qiyana - Victorious,OGN-155/298,Origins,Rare,Unit,4,4,1,https://cmsassets.rgpub.io/sanity/images/dsfx7636/game_data_live/90d1a07ef0c6c8282e6eee77e479254f50752eb2-744x1039.png,api-images/OGN-155-298_qiyana-victorious.png,,,
Primal Strength,OGN-154/298,Origins,Rare,Spell,4,,1,https://cmsassets.rgpub.io/sanity/images/dsfx7636/game_data_live/dfd910a9836cd36340d0ffdb5fe8cb92a1069963-744x1039.png,api-images/OGN-154-298_primal-strength.png,,,
Overt Operation,OGN-153/298,Origins,Rare,Spell,5,,2,https://cmsassets.rgpub.io/sanity/images/dsfx7636/game_data_live/69dba13c930ba3962851346d2bc6cbeb4ca48455-744x1039.png,api-images/OGN-153-298_overt-operation.png,,,
Ride The Wind,OGN-173/298,Origins,Common,Spell,2,,1,https://cmsassets.rgpub.io/sanity/images/dsfx7636/game_data_live/864d9f8992db7f9a9e795d9438d941ca564ddde7-744x1039.png,api-images/OGN-173-298_ride-the-wind.png,,,
Pack of Wonders,OGN-181/298,Origins,Uncommon,Gear,2,,,https://cmsassets.rgpub.io/sanity/images/dsfx7636/game_data_live/a0830f326c49abe7fb1d3c9787e7ce5d7b776eec-744x1039.png,api-images/OGN-181-298_pack-of-wonders.png,,,
Fading Memories,OGN-180/298,Origins,Uncommon,Spell,4,,1,https://cmsassets.rgpub.io/sanity/images/dsfx7636/game_data_live/a2b366942f1a7ec1f4bd3c1b17e10356214705d7-744x1039.png,api-images/OGN-180-298_fading-memories.png,,,
Acceptable Losses,OGN-179/298,Origins,Uncommon,Spell,1,,,https://cmsassets.rgpub.io/sanity/images/dsfx7636/game_data_live/b2b470bab1ae511ab9de0b1ce576e2050532a081-744x1039.png,api-images/OGN-179-298_acceptable-losses.png,,,
Undercover Agent,OGN-178/298,Origins,Common,Unit,5,5,1,https://cmsassets.rgpub.io/sanity/images/dsfx7636/game_data_live/3e4e318c0cc97b13646ee454da71046a09236e47-744x1039.png,api-images/OGN-178-298_undercover-agent.png,,,
Stealthy Pursuer,OGN-177/298,Origins,Common,Unit,4,4,1,https://cmsassets.rgpub.io/sanity/images/dsfx7636/game_data_live/ab23fd84badd67e9981512acbe6c3e9a8f97f42d-744x1039.png,api-images/OGN-177-298_stealthy-pursuer.png,,,
Sneaky Deckhand,OGN-176/298,Origins,Common,Unit,3,2,,https://cmsassets.rgpub.io/sanity/images/dsfx7636/game_data_live/6f95b6aac293d8e477192281df47d8466da502bf-744x1039.png,api-images/OGN-176-298_sneaky-deckhand.png,,,
Shipyard Skulker,OGN-175/298,Origins,Common,Unit,3,3,,https://cmsassets.rgpub.io/sanity/images/dsfx7636/game_data_live/000634f32b897638760b82e5365961f6d85bc0cb-744x1039.png,api-images/OGN-175-298_shipyard-skulker.png,,,
Sai Scout,OGN-174/298,Origins,Common,Unit,6,5,,https://cmsassets.rgpub.io/sanity/images/dsfx7636/game_data_live/eab1fc8c95931519319c4c80681a261d75214c48-744x1039.png,api-images/OGN-174-298_sai-scout.png,,,
Mistfall,OGN-152/298,Origins,Rare,Gear,3,,,https://cmsassets.rgpub.io/sanity/images/dsfx7636/game_data_live/1cedf0dcd6c4a44ae867e9f04f9f179d9b91c357-744x1039.png,api-images/OGN-152-298_mistfall.png,,,
Rebuke,OGN-172/298,Origins,Common,Spell,2,,2,https://cmsassets.rgpub.io/sanity/images/dsfx7636/game_data_live/c8e1ad72e9d562f9267c1512f29e9c04dc5cc15f-744x1039.png,api-images/OGN-172-298_rebuke.png,,,
Mystic Poro,OGN-171/298,Origins,Common,Unit,2,2,,https://cmsassets.rgpub.io/sanity/images/dsfx7636/game_data_live/11af57d045768e886d05e1c0933b0d57cb1e459d-744x1039.png,api-images/OGN-171-298_mystic-poro.png,,,
Morbid Return,OGN-170/298,Origins,Common,Spell,2,,,https://cmsassets.rgpub.io/sanity/images/dsfx7636/game_data_live/33b5ca4e580b94f2056bd884a4a35e8c630920a2-744x1039.png,api-images/OGN-170-298_morbid-return.png,,,
Gust,OGN-169/298,Origins,Common,Spell,1,,,https://cmsassets.rgpub.io/sanity/images/dsfx7636/game_data_live/dfd3b161ab76ba0c5d503384f1289b3395434b10-744x1039.png,api-images/OGN-169-298_gust.png,,,
Fight or Flight,OGN-168/298,Origins,Common,Spell,2,,,https://cmsassets.rgpub.io/sanity/images/dsfx7636/game_data_live/2c3d543ab6c3809f45f3e410d59d376b4bee6de7-744x1039.png,api-images/OGN-168-298_fight-or-flight.png,,,
Ember Monk,OGN-167/298,Origins,Common,Unit,4,4,,https://cmsassets.rgpub.io/sanity/images/dsfx7636/game_data_live/0441f70a7acc377d8cbe08559b7a2fc3139c903b-744x1039.png,api-images/OGN-167-298_ember-monk.png,,,
Chaos Rune (Alternate Art),OGN-166A/298,Origins,Showcase,Rune,,,,https://cmsassets.rgpub.io/sanity/images/dsfx7636/game_data_live/fbcde2f71fcc06fb8afc83855e24447a393f8943-1488x2078.png,api-images/OGN-166A-298_chaos-rune-alternate-art.png,,,
Challenge,OGN-128/298,Origins,Common,Spell,2,,1,https://cmsassets.rgpub.io/sanity/images/dsfx7636/game_data_live/f5c1aeaee373c481b7ea2a638cd6f9e815ac105d-744x1039.png,api-images/OGN-128-298_challenge.png,,,
Pit Rookie,OGN-136/298,Origins,Common,Unit,2,2,,https://cmsassets.rgpub.io/sanity/images/dsfx7636/game_data_live/ec19eeaee85c7e5669387a3f6ccb7718f5a0f570-744x1039.png,api-images/OGN-136-298_pit-rookie.png,,,
Pakaa Cub,OGN-135/298,Origins,Common,Unit,3,3,,https://cmsassets.rgpub.io/sanity/images/dsfx7636/game_data_live/156a66d7d44165367cc5a470fb35c86f337f9429-744x1039.png,api-images/OGN-135-298_pakaa-cub.png,,,
Mobilize,OGN-134/298,Origins,Common,Spell,2,,,https://cmsassets.rgpub.io/sanity/images/dsfx7636/game_data_live/cb22153e84ce250192b8e6e75e7f4dc0b66a728c-744x1039.png,api-images/OGN-134-298_mobilize.png,,,
Flurry of Blades,OGN-133/298,Origins,Common,Spell,1,,,https://cmsassets.rgpub.io/sanity/images/dsfx7636/game_data_live/c72f872e7e71b55b2074c5be4f2d7a44fa6fafca-744x1039.png,api-images/OGN-133-298_flurry-of-blades.png,,,
First Mate,OGN-132/298,Origins,Common,Unit,3,3,,https://cmsassets.rgpub.io/sanity/images/dsfx7636/game_data_live/85e2b436ea482d53563cc5fa955f2a867ee6c32f-744x1039.png,api-images/OGN-132-298_first-mate.png,,,
Dune Drake,OGN-131/298,Origins,Common,Unit,5,5,,https://cmsassets.rgpub.io/sanity/images/dsfx7636/game_data_live/ba18bf4a5fa9777a0cb5ae69cc7e6f049bbceaa0-744x1039.png,api-images/OGN-131-298_dune-drake.png,,,
Crackshot Corsair,OGN-130/298,Origins,Common,Unit,3,3,,https://cmsassets.rgpub.io/sanity/images/dsfx7636/game_data_live/9106ab084e02d7a489cb351e98112e5833b0bb11-744x1039.png,api-images/OGN-130-298_crackshot-corsair.png,,,
Confront,OGN-129/298,Origins,Common,Spell,2,,,https://cmsassets.rgpub.io/sanity/images/dsfx7636/game_data_live/691a38a7c344fdb5ee86e34d41321d99754286a7-744x1039.png,api-images/OGN-129-298_confront.png,,,
Stormclaw Ursine,OGN-137/298,Origins,Common,Unit,7,6,,https://cmsassets.rgpub.io/sanity/images/dsfx7636/game_data_live/137e5a1faec1c8b26a5a0abc7802f6461cc725c8-744x1039.png,api-images/OGN-137-298_stormclaw-ursine.png,,,
Cannon Barrage,OGN-127/298,Origins,Common,Spell,2,,1,https://cmsassets.rgpub.io/sanity/images/dsfx7636/game_data_live/07ef531829e5c6084a8d31044ebd783a9266f59e-744x1039.png,api-images/OGN-127-298_cannon-barrage.png,,,
Body Rune (Alternate Art),OGN-126A/298,Origins,Showcase,Rune,,,,https://cmsassets.rgpub.io/sanity/images/dsfx7636/game_data_live/011081f82cab36f8ec0d6874492512fd7859f59e-1488x2078.png,api-images/OGN-126A-298_body-rune-alternate-art.png,,,
Body Rune,OGN-126/298,Origins,Common,Rune,,,,https://cmsassets.rgpub.io/sanity/images/dsfx7636/game_data_live/3b3c3c07626d6180457c849047e0228dc0d19539-744x1039.png,api-images/OGN-126-298_body-rune.png,,,
Bilgewater Bully,OGN-125/298,Origins,Common,Unit,6,6,,https://cmsassets.rgpub.io/sanity/images/dsfx7636/game_data_live/474f66ffa1ecebd9e0341d644cb82a3b8135eece-744x1039.png,api-images/OGN-125-298_bilgewater-bully.png,,,
Arena Bar,OGN-124/298,Origins,Common,Gear,3,,,https://cmsassets.rgpub.io/sanity/images/dsfx7636/game_data_live/519306d1d4a36f2d54fe0982268a197a257f5e5d-744x1039.png,api-images/OGN-124-298_arena-bar.png,,,
Unchecked Power,OGN-123/298,Origins,Epic,Spell,7,,2,https://cmsassets.rgpub.io/sanity/images/dsfx7636/game_data_live/c44cd1f6f41144c770ac79f10e5ae75f0c6d6435-744x1039.png,api-images/OGN-123-298_unchecked-power.png,,,
Time Warp,OGN-122/298,Origins,Epic,Spell,10,,4,https://cmsassets.rgpub.io/sanity/images/dsfx7636/game_data_live/b97bbcf3cf6cb6e5f4baaa1bfbb85dc860eb950b-744x1039.png,api-images/OGN-122-298_time-warp.png,,,
Scrapheap,OGN-182/298,Origins,Uncommon,Gear,2,,,https://cmsassets.rgpub.io/sanity/images/dsfx7636/game_data_live/198088dda16a95186a597433c3a62e8d982e666c-744x1039.png,api-images/OGN-182-298_scrapheap.png,,,
Catalyst of Aeons,OGN-138/298,Origins,Uncommon,Spell,4,,,https://cmsassets.rgpub.io/sanity/images/dsfx7636/game_data_live/4753707323ab6f9ac572c097f29f2f76ac62f54f-744x1039.png,api-images/OGN-138-298_catalyst-of-aeons.png,,,
Cithria of Cloudfield,OGN-139/298,Origins,Uncommon,Unit,2,1,,https://cmsassets.rgpub.io/sanity/images/dsfx7636/game_data_live/6f0931db65e25e0a8d8351ffb97f8deed5dc0aa9-744x1039.png,api-images/OGN-139-298_cithria-of-cloudfield.png,,,
Herald of Scales,OGN-140/298,Origins,Uncommon,Unit,4,3,,https://cmsassets.rgpub.io/sanity/images/dsfx7636/game_data_live/be49bceea1d328769774fb4daac4732861f6e4fd-744x1039.png,api-images/OGN-140-298_herald-of-scales.png,,,
Kinkou Monk,OGN-141/298,Origins,Uncommon,Unit,4,4,1,https://cmsassets.rgpub.io/sanity/images/dsfx7636/game_data_live/648b22c6f419ee55723247bbf4c3ac10f0be9ab5-744x1039.png,api-images/OGN-141-298_kinkou-monk.png,,,
Mountain Drake,OGN-142/298,Origins,Uncommon,Unit,9,10,,https://cmsassets.rgpub.io/sanity/images/dsfx7636/game_data_live/8a9c1d334b217e9bd0b23dfca2054de4d0b90ff1-744x1039.png,api-images/OGN-142-298_mountain-drake.png,,,
Pirate's Haven,OGN-143/298,Origins,Uncommon,Gear,3,,,https://cmsassets.rgpub.io/sanity/images/dsfx7636/game_data_live/1991b64d58cbd3698574f44b404f7a88d6403134-744x1039.png,api-images/OGN-143-298_pirate-s-haven.png,,,
Spoils of War,OGN-144/298,Origins,Uncommon,Spell,4,,1,https://cmsassets.rgpub.io/sanity/images/dsfx7636/game_data_live/b8d59d015d6b8e15822b360447fcb364e14d550f-744x1039.png,api-images/OGN-144-298_spoils-of-war.png,,,
Unyielding Spirit,OGN-145/298,Origins,Uncommon,Spell,1,,1,https://cmsassets.rgpub.io/sanity/images/dsfx7636/game_data_live/9afea96ec04ce0c2ee76c4affbf4e6df470e7647-744x1039.png,api-images/OGN-145-298_unyielding-spirit.png,,,
Wallop,OGN-146/298,Origins,Uncommon,Spell,2,,,https://cmsassets.rgpub.io/sanity/images/dsfx7636/game_data_live/7bbd2eb8ce224e1872a1c920d7c64d796b2355cd-744x1039.png,api-images/OGN-146-298_wallop.png,,,
Wildclaw Shaman,OGN-147/298,Origins,Uncommon,Unit,4,3,,https://cmsassets.rgpub.io/sanity/images/dsfx7636/game_data_live/7abc938fee4ba397f52c8ea60d350857a7517b0c-744x1039.png,api-images/OGN-147-298_wildclaw-shaman.png,,,
Anivia - Primal,OGN-148/298,Origins,Rare,Unit,7,8,2,https://cmsassets.rgpub.io/sanity/images/dsfx7636/game_data_live/ca1a56035333e31b3a04d67ee9131bb4d533e5db-744x1039.png,api-images/OGN-148-298_anivia-primal.png,,,
Carnivorous Snapvine,OGN-149/298,Origins,Rare,Unit,5,6,2,https://cmsassets.rgpub.io/sanity/images/dsfx7636/game_data_live/5ceaec3452d623931b5ac93d0af26b180b9646de-744x1039.png,api-images/OGN-149-298_carnivorous-snapvine.png,,,
Kraken Hunter,OGN-150/298,Origins,Rare,Unit,3,5,2,https://cmsassets.rgpub.io/sanity/images/dsfx7636/game_data_live/51aab4710d000a9c1e665a37ef8c919ff11b0282-744x1039.png,api-images/OGN-150-298_kraken-hunter.png,,,
Lee Sin - Centered,OGN-151/298,Origins,Rare,Unit,6,6,,https://cmsassets.rgpub.io/sanity/images/dsfx7636/game_data_live/eca1aec1304de9c237751eb0aeed620b9ad0408e-744x1039.png,api-images/OGN-151-298_lee-sin-centered.png,,,
Lee Sin - Centered (Alternate Art),OGN-151A/298,Origins,Showcase,Unit,6,6,,https://cmsassets.rgpub.io/sanity/images/dsfx7636/game_data_live/68d9364d3138e06a25724a0aaae0b7226472cd68-744x1039.png,api-images/OGN-151A-298_lee-sin-centered-alternate-art.png,,,
Vanguard Captain,OGN-218/298,Origins,Common,Unit,3,3,1,https://cmsassets.rgpub.io/sanity/images/dsfx7636/game_data_live/f0c9ddb2af7a0d4991938cf1e3058eb0f5d2e357-744x1039.png,api-images/OGN-218-298_vanguard-captain.png,,,
Spectral Matron,OGN-226/298,Origins,Uncommon,Unit,4,4,2,https://cmsassets.rgpub.io/sanity/images/dsfx7636/game_data_live/c8aebd03c8722d485ebfc38774488778c756ff5c-744x1039.png,api-images/OGN-226-298_spectral-matron.png,,,
Solari Chief,OGN-225/298,Origins,Uncommon,Unit,5,4,1,https://cmsassets.rgpub.io/sanity/images/dsfx7636/game_data_live/02fd791fdaa7d1c63221655e889fb412de103ca2-744x1039.png,api-images/OGN-225-298_solari-chief.png,,,
Salvage,OGN-224/298,Origins,Uncommon,Spell,2,,1,https://cmsassets.rgpub.io/sanity/images/dsfx7636/game_data_live/9bdbac358e7c9415c1354b6d1f6888dcf9c5519b-744x1039.png,api-images/OGN-224-298_salvage.png,,,
Peak Guardian,OGN-223/298,Origins,Uncommon,Unit,6,5,1,https://cmsassets.rgpub.io/sanity/images/dsfx7636/game_data_live/bb56433bc032fd31a957923c43babc48b66db24c-744x1039.png,api-images/OGN-223-298_peak-guardian.png,,,
Noxian Drummer,OGN-222/298,Origins,Uncommon,Unit,3,3,,https://cmsassets.rgpub.io/sanity/images/dsfx7636/game_data_live/45a69adf92b6951c8c8fa974273c22aade312068-744x1039.png,api-images/OGN-222-298_noxian-drummer.png,,,
Imperial Decree,OGN-221/298,Origins,Uncommon,Spell,5,,2,https://cmsassets.rgpub.io/sanity/images/dsfx7636/game_data_live/fc6ab617f1ce20c82ed76dc6446d42d416c08b34-744x1039.png,api-images/OGN-221-298_imperial-decree.png,,,
Facebreaker,OGN-220/298,Origins,Uncommon,Spell,2,,,https://cmsassets.rgpub.io/sanity/images/dsfx7636/game_data_live/b7cddc717b886bb955b900ffaae4db9154a19280-744x1039.png,api-images/OGN-220-298_facebreaker.png,,,
Vanguard Sergeant,OGN-219/298,Origins,Common,Unit,4,4,,https://cmsassets.rgpub.io/sanity/images/dsfx7636/game_data_live/6bcff5c718cfcff1c2466bf5e1a2a1ea9a9cf09b-744x1039.png,api-images/OGN-219-298_vanguard-sergeant.png,,,
Symbol of the Solari,OGN-227/298,Origins,Uncommon,Gear,1,,,https://cmsassets.rgpub.io/sanity/images/dsfx7636/game_data_live/d4f746c396df48623ef8a4df763b5deb47f59339-744x1039.png,api-images/OGN-227-298_symbol-of-the-solari.png,,,
Trifarian Gloryseeker,OGN-217/298,Origins,Common,Unit,2,2,,https://cmsassets.rgpub.io/sanity/images/dsfx7636/game_data_live/19ad6a0e743b56021b9651a2105034a488e172e8-744x1039.png,api-images/OGN-217-298_trifarian-gloryseeker.png,,,
Soaring Scout,OGN-216/298,Origins,Common,Unit,2,1,,https://cmsassets.rgpub.io/sanity/images/dsfx7636/game_data_live/75b6ce420888035b566c3795cabe0999a9a918b0-744x1039.png,api-images/OGN-216-298_soaring-scout.png,,,
Petty Officer,OGN-215/298,Origins,Common,Unit,5,5,,https://cmsassets.rgpub.io/sanity/images/dsfx7636/game_data_live/29e062c4a38c0be12056568a2f8563557e2611c6-744x1039.png,api-images/OGN-215-298_petty-officer.png,,,
Order Rune (Alternate Art),OGN-214A/298,Origins,Showcase,Rune,,,,https://cmsassets.rgpub.io/sanity/images/dsfx7636/game_data_live/0e4904221c3bbbfcfde1734bc414dbe97c67e295-1488x2078.png,api-images/OGN-214A-298_order-rune-alternate-art.png,,,
Order Rune,OGN-214/298,Origins,Common,Rune,,,,https://cmsassets.rgpub.io/sanity/images/dsfx7636/game_data_live/35ec6fdd2124324bb7052cba31c8c44f2e98f3ae-744x1039.png,api-images/OGN-214-298_order-rune.png,,,
Hidden Blade,OGN-213/298,Origins,Common,Spell,2,,1,https://cmsassets.rgpub.io/sanity/images/dsfx7636/game_data_live/0437ab8a0b67f43ef5483a103bbae9e57fd05822-744x1039.png,api-images/OGN-213-298_hidden-blade.png,,,
Forge of the Future,OGN-212/298,Origins,Common,Gear,2,,,https://cmsassets.rgpub.io/sanity/images/dsfx7636/game_data_live/8e6a76d28590bcd835b0a9a1e806fe0fa6883141-744x1039.png,api-images/OGN-212-298_forge-of-the-future.png,,,
Faithful Manufactor,OGN-211/298,Origins,Common,Unit,3,2,,https://cmsassets.rgpub.io/sanity/images/dsfx7636/game_data_live/b41107b7456a2a38d203983b1e504e3789d6b6ea-744x1039.png,api-images/OGN-211-298_faithful-manufactor.png,,,
Vanguard Helm,OGN-228/298,Origins,Uncommon,Gear,2,,,https://cmsassets.rgpub.io/sanity/images/dsfx7636/game_data_live/9718c666cbf789a572760c826d0a06b26b787ae5-744x1039.png,api-images/OGN-228-298_vanguard-helm.png,,,
Vengeance,OGN-229/298,Origins,Uncommon,Spell,4,,2,https://cmsassets.rgpub.io/sanity/images/dsfx7636/game_data_live/a21e2ffee47ecdd1575bf48edb8c2a84722cc6b9-744x1039.png,api-images/OGN-229-298_vengeance.png,,,
Albus Ferros,OGN-230/298,Origins,Rare,Unit,4,3,,https://cmsassets.rgpub.io/sanity/images/dsfx7636/game_data_live/ec0be8d2a79196b689fccf9ee42ce8baa7e9c35e-744x1039.png,api-images/OGN-230-298_albus-ferros.png,,,
Commander Ledros,OGN-231/298,Origins,Rare,Unit,6,8,4,https://cmsassets.rgpub.io/sanity/images/dsfx7636/game_data_live/1183be5effc6275f17da09b983feb36632752af4-744x1039.png,api-images/OGN-231-298_commander-ledros.png,,,
Fiora - Victorious,OGN-232/298,Origins,Rare,Unit,4,4,,https://cmsassets.rgpub.io/sanity/images/dsfx7636/game_data_live/24d4d1997e6a5b145412e402fc69399d590ecda0-744x1039.png,api-images/OGN-232-298_fiora-victorious.png,,,
Grand Strategem,OGN-233/298,Origins,Rare,Spell,6,,3,https://cmsassets.rgpub.io/sanity/images/dsfx7636/game_data_live/bda7514aefa94ac3f368690cdd2d0f955d44c089-744x1039.png,api-images/OGN-233-298_grand-strategem.png,,,
Harnessed Dragon,OGN-234/298,Origins,Rare,Unit,8,6,2,https://cmsassets.rgpub.io/sanity/images/dsfx7636/game_data_live/00bc15bc1c2f5b8e6d1713819998df1c04864dcb-744x1039.png,api-images/OGN-234-298_harnessed-dragon.png,,,
Karma - Channeler,OGN-235/298,Origins,Rare,Unit,6,6,1,https://cmsassets.rgpub.io/sanity/images/dsfx7636/game_data_live/aca8664b334f2fa40cc7bae2811dd4e1b4f06388-744x1039.png,api-images/OGN-235-298_karma-channeler.png,,,
Karthus - Eternal,OGN-236/298,Origins,Rare,Unit,3,3,1,https://cmsassets.rgpub.io/sanity/images/dsfx7636/game_data_live/df3497ce6a602da554813340f572240675c7f0e2-744x1039.png,api-images/OGN-236-298_karthus-eternal.png,,,
King's Edict,OGN-237/298,Origins,Rare,Spell,6,,2,https://cmsassets.rgpub.io/sanity/images/dsfx7636/game_data_live/ec1b8b98e1ca7a34939322883309c71605bb8bc5-744x1039.png,api-images/OGN-237-298_king-s-edict.png,,,
Leona - Determined,OGN-238/298,Origins,Rare,Unit,4,4,1,https://cmsassets.rgpub.io/sanity/images/dsfx7636/game_data_live/39a1e121031cfb4bdb009b071ed5d70411966cd9-744x1039.png,api-images/OGN-238-298_leona-determined.png,,,
Leona - Determined (Alternate Art),OGN-238A/298,Origins,Showcase,Unit,4,4,1,https://cmsassets.rgpub.io/sanity/images/dsfx7636/game_data_live/1ed0250f1d3bbbbde49b3ce1fc2e744e4da64baa-744x1039.png,api-images/OGN-238A-298_leona-determined-alternate-art.png,,,
Machine Evangel,OGN-239/298,Origins,Rare,Unit,5,4,1,https://cmsassets.rgpub.io/sanity/images/dsfx7636/game_data_live/ad15d4ff89548e83dcede9b209b12233652cf3a1-744x1039.png,api-images/OGN-239-298_machine-evangel.png,,,
Sett - Kingpin,OGN-240/298,Origins,Rare,Unit,4,5,1,https://cmsassets.rgpub.io/sanity/images/dsfx7636/game_data_live/bd43f1dcef824b66f1af994b59b961fc3705f9c3-744x1039.png,api-images/OGN-240-298_sett-kingpin.png,,,
Sett - Kingpin (Alternate Art),OGN-240A/298,Origins,Showcase,Unit,4,5,1,https://cmsassets.rgpub.io/sanity/images/dsfx7636/game_data_live/010bbd89c60c57dc508f6b22201d31bb188f84d6-744x1039.png,api-images/OGN-240A-298_sett-kingpin-alternate-art.png,,,
Kog'Maw - Caustic,OGN-190/298,Origins,Rare,Unit,3,1,1,https://cmsassets.rgpub.io/sanity/images/dsfx7636/game_data_live/1ba2b780619714f2bf97597a180f3b118f4faf55-744x1039.png,api-images/OGN-190-298_kog-maw-caustic.png,,,
Teemo - Scout,OGN-197/298,Origins,Rare,Unit,2,1,,https://cmsassets.rgpub.io/sanity/images/dsfx7636/game_data_live/ca8a2e11dd78dd09ad1c9ad3a23e5699254b947e-744x1039.png,api-images/OGN-197-298_teemo-scout.png,,,
Soulgorger,OGN-196/298,Origins,Rare,Unit,8,5,2,https://cmsassets.rgpub.io/sanity/images/dsfx7636/game_data_live/439c4fa7c8c47cba41df8bce3fe3c8068d297382-744x1039.png,api-images/OGN-196-298_soulgorger.png,,,
Rhasa the Sunderer,OGN-195/298,Origins,Rare,Unit,10,6,1,https://cmsassets.rgpub.io/sanity/images/dsfx7636/game_data_live/e34fe8a9ee533dee99f96b4e6677d1edbd6a262d-744x1039.png,api-images/OGN-195-298_rhasa-the-sunderer.png,,,
Nocturne - Horrifying,OGN-194/298,Origins,Rare,Unit,4,4,1,https://cmsassets.rgpub.io/sanity/images/dsfx7636/game_data_live/19a751364bc6eb5297596e8733d0d30a1111ac78-744x1039.png,api-images/OGN-194-298_nocturne-horrifying.png,,,
Miss Fortune - Buccaneer (Alternate Art),OGN-193A/298,Origins,Showcase,Unit,4,4,1,https://cmsassets.rgpub.io/sanity/images/dsfx7636/game_data_live/8fde2eeb516af55b24467569aa982037f5b67b89-744x1039.png,api-images/OGN-193A-298_miss-fortune-buccaneer-alternate-art.png,,,
Miss Fortune - Buccaneer,OGN-193/298,Origins,Rare,Unit,4,4,1,https://cmsassets.rgpub.io/sanity/images/dsfx7636/game_data_live/e6ff9ad3d6e2b96ff76cda4c7bc75415c1cdcced-744x1039.png,api-images/OGN-193-298_miss-fortune-buccaneer.png,,,
Mindsplitter,OGN-192/298,Origins,Rare,Unit,7,7,2,https://cmsassets.rgpub.io/sanity/images/dsfx7636/game_data_live/8753058698cff6455da6cccd13a7fe901a164051-744x1039.png,api-images/OGN-192-298_mindsplitter.png,,,
Maddened Marauder,OGN-191/298,Origins,Rare,Unit,5,4,,https://cmsassets.rgpub.io/sanity/images/dsfx7636/game_data_live/0f3a2ab8e5894e0dd1b625ee29f3304e7832ef9a-744x1039.png,api-images/OGN-191-298_maddened-marauder.png,,,
Teemo - Scout (Alternate Art),OGN-197A/298,Origins,Showcase,Unit,2,1,,https://cmsassets.rgpub.io/sanity/images/dsfx7636/game_data_live/404a8aa0061b58611bd913b58dd01d99fdb8087d-744x1039.png,api-images/OGN-197A-298_teemo-scout-alternate-art.png,,,
Kayn - Unleashed,OGN-189/298,Origins,Rare,Unit,6,6,1,https://cmsassets.rgpub.io/sanity/images/dsfx7636/game_data_live/a1ce0e784264748f170bebb3b26a09a7f55efe0f-744x1039.png,api-images/OGN-189-298_kayn-unleashed.png,,,
Zaunite Bouncer,OGN-188/298,Origins,Uncommon,Unit,4,2,2,https://cmsassets.rgpub.io/sanity/images/dsfx7636/game_data_live/0f4e8258e3920e4a4654cfe74faf8c266f2aa5dd-744x1039.png,api-images/OGN-188-298_zaunite-bouncer.png,,,
Whirlwind,OGN-187/298,Origins,Uncommon,Spell,3,,1,https://cmsassets.rgpub.io/sanity/images/dsfx7636/game_data_live/24f5e0a8811b5a0e0930c0f6476600e2a37a5f93-744x1039.png,api-images/OGN-187-298_whirlwind.png,,,
Treasure Trove,OGN-186/298,Origins,Uncommon,Gear,2,,,https://cmsassets.rgpub.io/sanity/images/dsfx7636/game_data_live/682f5ee828ede4dbaf428cd0666db64ee8bae722-744x1039.png,api-images/OGN-186-298_treasure-trove.png,,,
Traveling Merchant,OGN-185/298,Origins,Uncommon,Unit,2,2,,https://cmsassets.rgpub.io/sanity/images/dsfx7636/game_data_live/b7dbebe2bf5691391c8e4146e478b8bd2ac40aef-744x1039.png,api-images/OGN-185-298_traveling-merchant.png,,,
The Syren,OGN-184/298,Origins,Uncommon,Gear,2,,,https://cmsassets.rgpub.io/sanity/images/dsfx7636/game_data_live/cafdd212b542243e10e5fac587616ab77e3d9cf1-744x1039.png,api-images/OGN-184-298_the-syren.png,,,
Stacked Deck,OGN-183/298,Origins,Uncommon,Spell,1,,,https://cmsassets.rgpub.io/sanity/images/dsfx7636/game_data_live/fdcb22cb620a4c1c37920d6b744edb615647cbd4-744x1039.png,api-images/OGN-183-298_stacked-deck.png,,,
Teemo - Strategist (Alternate Art),OGN-121A/298,Origins,Showcase,Unit,2,2,1,https://cmsassets.rgpub.io/sanity/images/dsfx7636/game_data_live/0709ab02b75d9acc8f3c4037ec3a4140323150d8-744x1039.png,api-images/OGN-121A-298_teemo-strategist-alternate-art.png,,,
The Harrowing,OGN-198/298,Origins,Rare,Spell,6,,2,https://cmsassets.rgpub.io/sanity/images/dsfx7636/game_data_live/6914034f56dd50ab37df26e3541c997479bb5a6d-744x1039.png,api-images/OGN-198-298_the-harrowing.png,,,
Tideturner,OGN-199/298,Origins,Rare,Unit,2,2,,https://cmsassets.rgpub.io/sanity/images/dsfx7636/game_data_live/bad355dba8b32d1fba33dc3924cad6a34b61b5af-744x1039.png,api-images/OGN-199-298_tideturner.png,,,
Twisted Fate - Gambler,OGN-200/298,Origins,Rare,Unit,4,4,,https://cmsassets.rgpub.io/sanity/images/dsfx7636/game_data_live/9eff1a038528c4d633196f13259670d84b74c2a8-744x1039.png,api-images/OGN-200-298_twisted-fate-gambler.png,,,
Invert Timelines,OGN-201/298,Origins,Epic,Spell,3,,1,https://cmsassets.rgpub.io/sanity/images/dsfx7636/game_data_live/b916326fdcf61af4630d953c7540a4aa97e6db01-744x1039.png,api-images/OGN-201-298_invert-timelines.png,,,
Jinx - Rebel,OGN-202/298,Origins,Epic,Unit,5,5,1,https://cmsassets.rgpub.io/sanity/images/dsfx7636/game_data_live/a7fe105f40df66525be51bd18e25506945a7b027-744x1039.png,api-images/OGN-202-298_jinx-rebel.png,,,
Jinx - Rebel (Alternate Art),OGN-202A/298,Origins,Showcase,Unit,5,5,1,https://cmsassets.rgpub.io/sanity/images/dsfx7636/game_data_live/da4c4f96081b4c0e151dba74a0ef6eae338478f0-744x1039.png,api-images/OGN-202A-298_jinx-rebel-alternate-art.png,,,
Possession,OGN-203/298,Origins,Epic,Spell,8,,3,https://cmsassets.rgpub.io/sanity/images/dsfx7636/game_data_live/f26462174fd01407f25f7d49a70862d2b9af35cc-744x1039.png,api-images/OGN-203-298_possession.png,,,
Seal of Discord,OGN-204/298,Origins,Epic,Gear,0,,1,https://cmsassets.rgpub.io/sanity/images/dsfx7636/game_data_live/dd8433e77e46ca77aaf0be35d1774218d9a2f037-744x1039.png,api-images/OGN-204-298_seal-of-discord.png,,,
Yasuo - Windrider,OGN-205/298,Origins,Epic,Unit,5,4,1,https://cmsassets.rgpub.io/sanity/images/dsfx7636/game_data_live/f5ba378ce4dad16d17e001814e091d5f484f2681-744x1039.png,api-images/OGN-205-298_yasuo-windrider.png,,,
Yasuo - Windrider (Alternate Art),OGN-205A/298,Origins,Showcase,Unit,5,4,1,https://cmsassets.rgpub.io/sanity/images/dsfx7636/game_data_live/35f7ca6802af48585af55d23cf7675a8922d8535-744x1039.png,api-images/OGN-205A-298_yasuo-windrider-alternate-art.png,,,
Back to Back,OGN-206/298,Origins,Common,Spell,3,,,https://cmsassets.rgpub.io/sanity/images/dsfx7636/game_data_live/7f5585dcd3e9c7866e3b99cb169a0404ea4c010f-744x1039.png,api-images/OGN-206-298_back-to-back.png,,,
Call to Glory,OGN-207/298,Origins,Common,Spell,3,,,https://cmsassets.rgpub.io/sanity/images/dsfx7636/game_data_live/ced53bc3fb15f263471067fc3868295b09e62a07-744x1039.png,api-images/OGN-207-298_call-to-glory.png,,,
Cruel Patron,OGN-208/298,Origins,Common,Unit,4,6,,https://cmsassets.rgpub.io/sanity/images/dsfx7636/game_data_live/c1c2c08fa0032a245c1ffee6ba29fff2826bd468-744x1039.png,api-images/OGN-208-298_cruel-patron.png,,,
Cull the Weak,OGN-209/298,Origins,Common,Spell,2,,1,https://cmsassets.rgpub.io/sanity/images/dsfx7636/game_data_live/49338a4b31727c6ef50e7dbc54e7004dcd2b6f4c-744x1039.png,api-images/OGN-209-298_cull-the-weak.png,,,
Daring Poro,OGN-210/298,Origins,Common,Unit,2,2,,https://cmsassets.rgpub.io/sanity/images/dsfx7636/game_data_live/41dee7ec46124c261352595cfbd8a6d38d32b947-744x1039.png,api-images/OGN-210-298_daring-poro.png,,,
Kai'Sa - Survivor,OGN-039/298,Origins,Epic,Unit,4,4,,https://cmsassets.rgpub.io/sanity/images/dsfx7636/game_data_live/3d942c02ad4e96a36dba14d663c5105bb6614500-744x1039.png,api-images/OGN-039-298_kai-sa-survivor.png,,,
Clockwork Keeper,OGN-044/298,Origins,Common,Unit,2,2,,https://cmsassets.rgpub.io/sanity/images/dsfx7636/game_data_live/417e606418349bb25d4b07d460fa043ad85f2778-744x1039.png,api-images/OGN-044-298_clockwork-keeper.png,,,
Charm,OGN-043/298,Origins,Common,Spell,1,,1,https://cmsassets.rgpub.io/sanity/images/dsfx7636/game_data_live/62ae564505db8fcba70605eac2083ac2d4397b5a-744x1039.png,api-images/OGN-043-298_charm.png,,,
Calm Rune (Alternate Art),OGN-042A/298,Origins,Showcase,Rune,,,,https://cmsassets.rgpub.io/sanity/images/dsfx7636/game_data_live/88187b586b9b3cc2f48fd20c806dd5fc5e1bfc71-1488x2078.png,api-images/OGN-042A-298_calm-rune-alternate-art.png,,,
Calm Rune,OGN-042/298,Origins,Common,Rune,,,,https://cmsassets.rgpub.io/sanity/images/dsfx7636/game_data_live/0a0e8c3d16c2595e2f8efcc2b1466226539b506c-744x1039.png,api-images/OGN-042-298_calm-rune.png,,,
Volibear - Furious (Alternate Art),OGN-041A/298,Origins,Showcase,Unit,10,9,2,https://cmsassets.rgpub.io/sanity/images/dsfx7636/game_data_live/744d1b950ae7ef1e6e5b244538a6afb9802e5e3d-744x1039.png,api-images/OGN-041A-298_volibear-furious-alternate-art.png,,,
Volibear - Furious,OGN-041/298,Origins,Epic,Unit,10,9,2,https://cmsassets.rgpub.io/sanity/images/dsfx7636/game_data_live/c9165d49b8caae9a856433cd5151e8b368eb80b5-744x1039.png,api-images/OGN-041-298_volibear-furious.png,,,
Seal of Rage,OGN-040/298,Origins,Epic,Gear,0,,1,https://cmsassets.rgpub.io/sanity/images/dsfx7636/game_data_live/fbdd14adb40b0ca46b89f476a356fa21413d812e-744x1039.png,api-images/OGN-040-298_seal-of-rage.png,,,
Kai'Sa - Survivor (Alternate Art),OGN-039A/298,Origins,Showcase,Unit,4,4,,https://cmsassets.rgpub.io/sanity/images/dsfx7636/game_data_live/ad69bde670ce218adee1d2a618a7295d2fb7bd4c-744x1039.png,api-images/OGN-039A-298_kai-sa-survivor-alternate-art.png,,,
Defy,OGN-045/298,Origins,Common,Spell,1,,1,https://cmsassets.rgpub.io/sanity/images/dsfx7636/game_data_live/4989bfcc4bd7be77051f0c2c349a981ba9c273e0-744x1039.png,api-images/OGN-045-298_defy.png,,,
Kadregrin the Infernal,OGN-038/298,Origins,Epic,Unit,9,9,2,https://cmsassets.rgpub.io/sanity/images/dsfx7636/game_data_live/733c32b1fccc7e2983cbb3586358152f90a6df04-744x1039.png,api-images/OGN-038-298_kadregrin-the-infernal.png,,,
Immortal Phoenix,OGN-037/298,Origins,Epic,Unit,3,3,1,https://cmsassets.rgpub.io/sanity/images/dsfx7636/game_data_live/7b623ae985bf5f362b6d8d4a17e9b8146aeae3c3-744x1039.png,api-images/OGN-037-298_immortal-phoenix.png,,,
Vi - Destructive,OGN-036/298,Origins,Rare,Unit,2,3,1,https://cmsassets.rgpub.io/sanity/images/dsfx7636/game_data_live/7ab52254ac49b8853fc7ae65b03aaee3f8c5994a-744x1039.png,api-images/OGN-036-298_vi-destructive.png,,,
Vayne - Hunter,OGN-035/298,Origins,Rare,Unit,4,2,1,https://cmsassets.rgpub.io/sanity/images/dsfx7636/game_data_live/b38a22e6f4bfaa8589f32754a7466fe5214e81b5-744x1039.png,api-images/OGN-035-298_vayne-hunter.png,,,
Tryndamere - Barbarian,OGN-034/298,Origins,Rare,Unit,7,8,2,https://cmsassets.rgpub.io/sanity/images/dsfx7636/game_data_live/124c93495c927be1baea03fdacf6c7b283cf8b6c-744x1039.png,api-images/OGN-034-298_tryndamere-barbarian.png,,,
Shakedown,OGN-033/298,Origins,Rare,Spell,2,,1,https://cmsassets.rgpub.io/sanity/images/dsfx7636/game_data_live/ab71d92c94bf609e2fa6efc8fec06fe1e8b10108-744x1039.png,api-images/OGN-033-298_shakedown.png,,,
Ravenborn Tome,OGN-032/298,Origins,Rare,Gear,3,,,https://cmsassets.rgpub.io/sanity/images/dsfx7636/game_data_live/81f968126026635e5b9a2fa1048fc979fcd13a1d-744x1039.png,api-images/OGN-032-298_ravenborn-tome.png,,,
Stand United,OGN-053/298,Origins,Common,Spell,3,,,https://cmsassets.rgpub.io/sanity/images/dsfx7636/game_data_live/4d10570e70a998de520d4baba254c3b726caa4f0-744x1039.png,api-images/OGN-053-298_stand-united.png,,,
Poro Herder,OGN-061/298,Origins,Uncommon,Unit,3,3,1,https://cmsassets.rgpub.io/sanity/images/dsfx7636/game_data_live/166b718a8517fcceac7e7d4f6acbc4fa0bbc2c55-744x1039.png,api-images/OGN-061-298_poro-herder.png,,,
Mask of Foresight,OGN-060/298,Origins,Uncommon,Gear,2,,,https://cmsassets.rgpub.io/sanity/images/dsfx7636/game_data_live/03824709acbb4151d13b083a842c4702a3e61221-744x1039.png,api-images/OGN-060-298_mask-of-foresight.png,,,
Eclipse Herald,OGN-059/298,Origins,Uncommon,Unit,7,7,1,https://cmsassets.rgpub.io/sanity/images/dsfx7636/game_data_live/bbe4fec278b8960681f97da658dc2f06ee46c4bd-744x1039.png,api-images/OGN-059-298_eclipse-herald.png,,,
Discipline,OGN-058/298,Origins,Uncommon,Spell,2,,,https://cmsassets.rgpub.io/sanity/images/dsfx7636/game_data_live/8b9613970b505e3ad6abe2d51d091778314a7d48-744x1039.png,api-images/OGN-058-298_discipline.png,,,
Block,OGN-057/298,Origins,Uncommon,Spell,2,,,https://cmsassets.rgpub.io/sanity/images/dsfx7636/game_data_live/36f7352e715fe073631ed85be41408c9a38ab865-744x1039.png,api-images/OGN-057-298_block.png,,,
Adaptatron,OGN-056/298,Origins,Uncommon,Unit,4,3,,https://cmsassets.rgpub.io/sanity/images/dsfx7636/game_data_live/a3ddb00a2a872eaceb96469739531414aa27455d-744x1039.png,api-images/OGN-056-298_adaptatron.png,,,
Wielder of Water,OGN-055/298,Origins,Common,Unit,3,2,,https://cmsassets.rgpub.io/sanity/images/dsfx7636/game_data_live/5b38a7758705bd739caf07b5c0c49482a4a23015-744x1039.png,api-images/OGN-055-298_wielder-of-water.png,,,
Sunlit Guardian,OGN-054/298,Origins,Common,Unit,3,3,,https://cmsassets.rgpub.io/sanity/images/dsfx7636/game_data_live/28bce7a662b9008f65565300f828d98790a641e1-744x1039.png,api-images/OGN-054-298_sunlit-guardian.png,,,
Raging Firebrand,OGN-031/298,Origins,Rare,Unit,6,4,1,https://cmsassets.rgpub.io/sanity/images/dsfx7636/game_data_live/9566fc064c098bd7f3540f3074dc6353c7ca5663-744x1039.png,api-images/OGN-031-298_raging-firebrand.png,,,
Stalwart Poro,OGN-052/298,Origins,Common,Unit,2,2,,https://cmsassets.rgpub.io/sanity/images/dsfx7636/game_data_live/c4a5d7178e783c3975749271b6df333a82a2328a-744x1039.png,api-images/OGN-052-298_stalwart-poro.png,,,
Solari Shieldbearer,OGN-051/298,Origins,Common,Unit,3,2,,https://cmsassets.rgpub.io/sanity/images/dsfx7636/game_data_live/9387ea6480c9fd6991760b07a178c07a5fcf1c57-744x1039.png,api-images/OGN-051-298_solari-shieldbearer.png,,,
Rune Prison,OGN-050/298,Origins,Common,Spell,2,,1,https://cmsassets.rgpub.io/sanity/images/dsfx7636/game_data_live/21867baeaced3c22cda5f40f6b6c9a8dad4b7042-744x1039.png,api-images/OGN-050-298_rune-prison.png,,,
Playful Phantom,OGN-049/298,Origins,Common,Unit,5,5,,https://cmsassets.rgpub.io/sanity/images/dsfx7636/game_data_live/3171ef8c7968b0dfe088725b9721b19d175bdb1e-744x1039.png,api-images/OGN-049-298_playful-phantom.png,,,
Meditation,OGN-048/298,Origins,Common,Spell,2,,,https://cmsassets.rgpub.io/sanity/images/dsfx7636/game_data_live/7103336ab0d7f7bebdaa4155e4258d8d9beb06de-744x1039.png,api-images/OGN-048-298_meditation.png,,,
Find Your Center,OGN-047/298,Origins,Common,Spell,3,,,https://cmsassets.rgpub.io/sanity/images/dsfx7636/game_data_live/cd9d798b496fdce133c5b0106d636a230b6e7ebe-744x1039.png,api-images/OGN-047-298_find-your-center.png,,,
En Garde,OGN-046/298,Origins,Common,Spell,1,,,https://cmsassets.rgpub.io/sanity/images/dsfx7636/game_data_live/03c0ec7eaa5957a62869dad2a0ce40913fc874a9-744x1039.png,api-images/OGN-046-298_en-garde.png,,,
Get Excited!,OGN-008/298,Origins,Common,Spell,2,,1,https://cmsassets.rgpub.io/sanity/images/dsfx7636/game_data_live/2906c932c482af17fbb2979a8c42a6992f95d6a6-744x1039.png,api-images/OGN-008-298_get-excited.png,,,
Dangerous Duo,OGN-016/298,Origins,Uncommon,Unit,3,3,,https://cmsassets.rgpub.io/sanity/images/dsfx7636/game_data_live/3c02ea9e438d407c739276b788e015ac93843651-744x1039.png,api-images/OGN-016-298_dangerous-duo.png,,,
Captain Farron,OGN-015/298,Origins,Uncommon,Unit,4,5,1,https://cmsassets.rgpub.io/sanity/images/dsfx7636/game_data_live/4c65e2cae6748590f589ad8b26bc5a20c0d770c2-744x1039.png,api-images/OGN-015-298_captain-farron.png,,,
Sky Splitter,OGN-014/298,Origins,Common,Spell,8,,1,https://cmsassets.rgpub.io/sanity/images/dsfx7636/game_data_live/01faae468720dd5bf5e3fe12ba56c01af70263be-744x1039.png,api-images/OGN-014-298_sky-splitter.png,,,
Pouty Poro,OGN-013/298,Origins,Common,Unit,2,2,,https://cmsassets.rgpub.io/sanity/images/dsfx7636/game_data_live/d541bf3bcb5aa3ad0d48d87f5753569b72ac426f-744x1039.png,api-images/OGN-013-298_pouty-poro.png,,,
Noxus Hopeful,OGN-012/298,Origins,Common,Unit,4,4,,https://cmsassets.rgpub.io/sanity/images/dsfx7636/game_data_live/c3bb6f4cb58feeb50e396d12ec9865c5434025af-744x1039.png,api-images/OGN-012-298_noxus-hopeful.png,,,
Magma Wurm,OGN-011/298,Origins,Common,Unit,8,8,1,https://cmsassets.rgpub.io/sanity/images/dsfx7636/game_data_live/f6565b15f65f538804e6a56623c8aa2eedeffc22-744x1039.png,api-images/OGN-011-298_magma-wurm.png,,,
Legion Rearguard,OGN-010/298,Origins,Common,Unit,2,2,,https://cmsassets.rgpub.io/sanity/images/dsfx7636/game_data_live/aedece01c7792c689050460db1670e6b9b15b61f-744x1039.png,api-images/OGN-010-298_legion-rearguard.png,,,
Hextech Ray,OGN-009/298,Origins,Common,Spell,1,,1,https://cmsassets.rgpub.io/sanity/images/dsfx7636/game_data_live/1e7d12693822c38377ddc8f15db23e2f9b6d560a-744x1039.png,api-images/OGN-009-298_hextech-ray.png,,,
Iron Ballista,OGN-017/298,Origins,Uncommon,Gear,3,,,https://cmsassets.rgpub.io/sanity/images/dsfx7636/game_data_live/9b5cfe757b6067994e17e284eba46433880a1461-744x1039.png,api-images/OGN-017-298_iron-ballista.png,,,
Fury Rune (Alternate Art),OGN-007A/298,Origins,Showcase,Rune,,,,https://cmsassets.rgpub.io/sanity/images/dsfx7636/game_data_live/09da06c69d07d4e72dde703737ef167472c715af-1488x2078.png,api-images/OGN-007A-298_fury-rune-alternate-art.png,,,
Fury Rune,OGN-007/298,Origins,Common,Rune,,,,https://cmsassets.rgpub.io/sanity/images/dsfx7636/game_data_live/12bcd0cde5d9ff4640e82945001e9fef863530f1-744x1039.png,api-images/OGN-007-298_fury-rune.png,,,
Flame Chompers,OGN-006/298,Origins,Common,Unit,3,3,,https://cmsassets.rgpub.io/sanity/images/dsfx7636/game_data_live/1f6f5ebd18e5daac30d62626fddd785c4b457c2b-744x1039.png,api-images/OGN-006-298_flame-chompers.png,,,
Disintegrate,OGN-005/298,Origins,Common,Spell,4,,,https://cmsassets.rgpub.io/sanity/images/dsfx7636/game_data_live/a27374ac3a81f3dfefb43c3c3237c23b4883cb5a-744x1039.png,api-images/OGN-005-298_disintegrate.png,,,
Cleave,OGN-004/298,Origins,Common,Spell,1,,,https://cmsassets.rgpub.io/sanity/images/dsfx7636/game_data_live/95d476a1e88ff547fb846149619177bc7e3cea9f-744x1039.png,api-images/OGN-004-298_cleave.png,,,
Chemtech Enforcer,OGN-003/298,Origins,Common,Unit,2,2,,https://cmsassets.rgpub.io/sanity/images/dsfx7636/game_data_live/19dcf211457d9c9c6e9ea0cd32af76c2c92a3160-744x1039.png,api-images/OGN-003-298_chemtech-enforcer.png,,,
Brazen Buccaneer,OGN-002/298,Origins,Common,Unit,6,5,,https://cmsassets.rgpub.io/sanity/images/dsfx7636/game_data_live/d481971f7560e7235e7d6934767da18daa019eff-744x1039.png,api-images/OGN-002-298_brazen-buccaneer.png,,,
Reinforce,OGN-062/298,Origins,Uncommon,Spell,5,,,https://cmsassets.rgpub.io/sanity/images/dsfx7636/game_data_live/5bb4ce960c7636dac103c560a2e2f4e32f9d5390-744x1039.png,api-images/OGN-062-298_reinforce.png,,,
Noxus Saboteur,OGN-018/298,Origins,Uncommon,Unit,3,3,,https://cmsassets.rgpub.io/sanity/images/dsfx7636/game_data_live/b78f0c822cb984db24ac3f1956cc8c10f8f88b22-744x1039.png,api-images/OGN-018-298_noxus-saboteur.png,,,
Raging Soul,OGN-019/298,Origins,Uncommon,Unit,4,4,,https://cmsassets.rgpub.io/sanity/images/dsfx7636/game_data_live/037647d0decc94ff4a5d53b11cf36afe9d849533-744x1039.png,api-images/OGN-019-298_raging-soul.png,,,
Scrapyard Champion,OGN-020/298,Origins,Uncommon,Unit,5,5,1,https://cmsassets.rgpub.io/sanity/images/dsfx7636/game_data_live/10f096d2b469fd73329386e5efe88c9bec667d7c-744x1039.png,api-images/OGN-020-298_scrapyard-champion.png,,,
Sun Disc,OGN-021/298,Origins,Uncommon,Gear,2,,1,https://cmsassets.rgpub.io/sanity/images/dsfx7636/game_data_live/146d7514f15e6674f471f3aa9c3fadf22c0b634b-744x1039.png,api-images/OGN-021-298_sun-disc.png,,,
Thermo Beam,OGN-022/298,Origins,Uncommon,Spell,5,,2,https://cmsassets.rgpub.io/sanity/images/dsfx7636/game_data_live/88661e852b864491e6d7f5f087caf4263f61c361-744x1039.png,api-images/OGN-022-298_thermo-beam.png,,,
Unlicensed Armory,OGN-023/298,Origins,Uncommon,Gear,2,,,https://cmsassets.rgpub.io/sanity/images/dsfx7636/game_data_live/1a80bedd893d9024fc90f108da36b4fd1d496ad6-744x1039.png,api-images/OGN-023-298_unlicensed-armory.png,,,
Void Seeker,OGN-024/298,Origins,Uncommon,Spell,3,,1,https://cmsassets.rgpub.io/sanity/images/dsfx7636/game_data_live/5b64b63c6be58ff3c33c7fb3c2dcb168d64e287e-744x1039.png,api-images/OGN-024-298_void-seeker.png,,,
Blind Fury,OGN-025/298,Origins,Rare,Spell,4,,2,https://cmsassets.rgpub.io/sanity/images/dsfx7636/game_data_live/d74ba4998df9348408f1400090a0b0737c675fbd-744x1039.png,api-images/OGN-025-298_blind-fury.png,,,
Brynhir Thundersong,OGN-026/298,Origins,Rare,Unit,6,5,,https://cmsassets.rgpub.io/sanity/images/dsfx7636/game_data_live/44e805aa0f2928acf1156eef692403df319b333a-744x1039.png,api-images/OGN-026-298_brynhir-thundersong.png,,,
Darius - Trifarian,OGN-027/298,Origins,Rare,Unit,5,5,1,https://cmsassets.rgpub.io/sanity/images/dsfx7636/game_data_live/bf7a4900fd2296972c1305a4707c23860bb0522e-744x1039.png,api-images/OGN-027-298_darius-trifarian.png,,,
Darius - Trifarian (Alternate Art),OGN-027A/298,Origins,Showcase,Unit,5,5,1,https://cmsassets.rgpub.io/sanity/images/dsfx7636/game_data_live/df878ecc25160bb7e53b254a609ec243e133e8f1-744x1039.png,api-images/OGN-027A-298_darius-trifarian-alternate-art.png,,,
Draven - Showboat,OGN-028/298,Origins,Rare,Unit,5,3,1,https://cmsassets.rgpub.io/sanity/images/dsfx7636/game_data_live/7600d6cea66e8146ea2202f72cb9035cb44608a3-744x1039.png,api-images/OGN-028-298_draven-showboat.png,,,
Falling Star,OGN-029/298,Origins,Rare,Spell,2,,2,https://cmsassets.rgpub.io/sanity/images/dsfx7636/game_data_live/9cf2d2e59e1bf839cdf5c2a77e95f5d1e871788f-744x1039.png,api-images/OGN-029-298_falling-star.png,,,
Jinx - Demolitionist,OGN-030/298,Origins,Rare,Unit,3,4,1,https://cmsassets.rgpub.io/sanity/images/dsfx7636/game_data_live/d6cac988aa7798945e550eba6841d3993868c4a4-744x1039.png,api-images/OGN-030-298_jinx-demolitionist.png,,,
Jinx - Demolitionist (Alternate Art),OGN-030A/298,Origins,Showcase,Unit,3,4,1,https://cmsassets.rgpub.io/sanity/images/dsfx7636/game_data_live/60ff1aec7ecb1b11ff89fdb620c6182897a8b402-744x1039.png,api-images/OGN-030A-298_jinx-demolitionist-alternate-art.png,,,
Energy Conduit,OGN-098/298,Origins,Uncommon,Gear,3,,,https://cmsassets.rgpub.io/sanity/images/dsfx7636/game_data_live/f0e0a67e9e9b1d45d12d248df78b4e643b70bdc1-744x1039.png,api-images/OGN-098-298_energy-conduit.png,,,
Sprite Mother,OGN-106/298,Origins,Uncommon,Unit,4,3,1,https://cmsassets.rgpub.io/sanity/images/dsfx7636/game_data_live/65c06528f88de1ac207b382d4830ccfdd08a2d12-744x1039.png,api-images/OGN-106-298_sprite-mother.png,,,
Singularity,OGN-105/298,Origins,Uncommon,Spell,6,,2,https://cmsassets.rgpub.io/sanity/images/dsfx7636/game_data_live/792edce1a64d4a92740aa3fa240e21e161513944-744x1039.png,api-images/OGN-105-298_singularity.png,,,
Retreat,OGN-104/298,Origins,Uncommon,Spell,1,,,https://cmsassets.rgpub.io/sanity/images/dsfx7636/game_data_live/71ecf6c06d3110a81ac0f01c726c06921f479a13-744x1039.png,api-images/OGN-104-298_retreat.png,,,
Ravenbloom Student,OGN-103/298,Origins,Uncommon,Unit,2,2,,https://cmsassets.rgpub.io/sanity/images/dsfx7636/game_data_live/b98b1ff793b6eb263957258742cc83d50fda6537-744x1039.png,api-images/OGN-103-298_ravenbloom-student.png,,,
Portal Rescue,OGN-102/298,Origins,Uncommon,Spell,3,,1,https://cmsassets.rgpub.io/sanity/images/dsfx7636/game_data_live/bafb4c68fa9a3eb71fecd0cdffb9e20b9f68d532-744x1039.png,api-images/OGN-102-298_portal-rescue.png,,,
Mushroom Pouch,OGN-101/298,Origins,Uncommon,Gear,2,,,https://cmsassets.rgpub.io/sanity/images/dsfx7636/game_data_live/ef5b3125fda91c0d0a02b7e6dfb7d3d5bafa8bd0-744x1039.png,api-images/OGN-101-298_mushroom-pouch.png,,,
Gemcraft Seer,OGN-100/298,Origins,Uncommon,Unit,3,3,1,https://cmsassets.rgpub.io/sanity/images/dsfx7636/game_data_live/4b6965bd592a5f602ab932094d677b6c85b2372b-744x1039.png,api-images/OGN-100-298_gemcraft-seer.png,,,
Garbage Grabber,OGN-099/298,Origins,Uncommon,Gear,2,,,https://cmsassets.rgpub.io/sanity/images/dsfx7636/game_data_live/199f21237aeee2582904463a15ec62ce29452c10-744x1039.png,api-images/OGN-099-298_garbage-grabber.png,,,
Ava Achiever,OGN-107/298,Origins,Rare,Unit,5,4,,https://cmsassets.rgpub.io/sanity/images/dsfx7636/game_data_live/93e91aa99eb09baa68dd95b0013a89d9ffde5240-744x1039.png,api-images/OGN-107-298_ava-achiever.png,,,
Blastcone Fae,OGN-097/298,Origins,Uncommon,Unit,2,2,1,https://cmsassets.rgpub.io/sanity/images/dsfx7636/game_data_live/fac53b2216490c99ad7ce11dc5e663a692d6c104-744x1039.png,api-images/OGN-097-298_blastcone-fae.png,,,
Watchful Sentry,OGN-096/298,Origins,Common,Unit,2,1,,https://cmsassets.rgpub.io/sanity/images/dsfx7636/game_data_live/d84da2c62b1e218a0a74b227c49ce8a953918ebd-744x1039.png,api-images/OGN-096-298_watchful-sentry.png,,,
Stupefy,OGN-095/298,Origins,Common,Spell,1,,,https://cmsassets.rgpub.io/sanity/images/dsfx7636/game_data_live/837a5976192bbf8bdb4086429802167548ecc119-744x1039.png,api-images/OGN-095-298_stupefy.png,,,
Sprite Call,OGN-094/298,Origins,Common,Spell,3,,,https://cmsassets.rgpub.io/sanity/images/dsfx7636/game_data_live/ab3db48dcbb12b01151d3a08c2412020380b7ca5-744x1039.png,api-images/OGN-094-298_sprite-call.png,,,
Smoke Screen,OGN-093/298,Origins,Common,Spell,2,,1,https://cmsassets.rgpub.io/sanity/images/dsfx7636/game_data_live/06c34457afd09b828ee0b2862ed51eb31004d888-744x1039.png,api-images/OGN-093-298_smoke-screen.png,,,
Riptide Rex,OGN-092/298,Origins,Common,Unit,6,6,2,https://cmsassets.rgpub.io/sanity/images/dsfx7636/game_data_live/e09bf1fb6d72da31d415ea31ae7413fe7f02d650-744x1039.png,api-images/OGN-092-298_riptide-rex.png,,,
Pit Crew,OGN-091/298,Origins,Common,Unit,3,3,,https://cmsassets.rgpub.io/sanity/images/dsfx7636/game_data_live/8023223b55adc44bafe1f8c5f305d3dde6f6d114-744x1039.png,api-images/OGN-091-298_pit-crew.png,,,
Orb of Regret,OGN-090/298,Origins,Common,Gear,1,,,https://cmsassets.rgpub.io/sanity/images/dsfx7636/game_data_live/fd883b646d1a3cdb1a03b0c19dc62c92ca552f4f-744x1039.png,api-images/OGN-090-298_orb-of-regret.png,,,
Convergent Mutation,OGN-108/298,Origins,Rare,Spell,2,,1,https://cmsassets.rgpub.io/sanity/images/dsfx7636/game_data_live/61d414fc67ff52b9082e282e628dd0916afd8454-744x1039.png,api-images/OGN-108-298_convergent-mutation.png,,,
Dr. Mundo - Expert,OGN-109/298,Origins,Rare,Unit,8,6,2,https://cmsassets.rgpub.io/sanity/images/dsfx7636/game_data_live/cf51fe8bedf5139e8cc1fc062969949ea7b121f0-744x1039.png,api-images/OGN-109-298_dr-mundo-expert.png,,,
Ekko - Recurrent,OGN-110/298,Origins,Rare,Unit,5,5,1,https://cmsassets.rgpub.io/sanity/images/dsfx7636/game_data_live/65da19325b6def53d33c07bc1aa8f91fd2f1e723-744x1039.png,api-images/OGN-110-298_ekko-recurrent.png,,,
Heimerdinger - Inventor,OGN-111/298,Origins,Rare,Unit,3,3,1,https://cmsassets.rgpub.io/sanity/images/dsfx7636/game_data_live/5b14a5f9d567c90329c151a8cc72d870b47b1434-744x1039.png,api-images/OGN-111-298_heimerdinger-inventor.png,,,
Kai'Sa - Evolutionary,OGN-112/298,Origins,Rare,Unit,6,6,1,https://cmsassets.rgpub.io/sanity/images/dsfx7636/game_data_live/fc4ee60eaedd5c56a9222fd07482b6a86b11baa4-744x1039.png,api-images/OGN-112-298_kai-sa-evolutionary.png,,,
Kai'Sa - Evolutionary (Alternate Art),OGN-112A/298,Origins,Showcase,Unit,6,6,1,https://cmsassets.rgpub.io/sanity/images/dsfx7636/game_data_live/2c8c9619d4afd081de548b511000f7c4b849ec1e-744x1039.png,api-images/OGN-112A-298_kai-sa-evolutionary-alternate-art.png,,,
Malzahar - Fanatic,OGN-113/298,Origins,Rare,Unit,4,3,,https://cmsassets.rgpub.io/sanity/images/dsfx7636/game_data_live/ba1fa3a18b1c2ff132ad536577e53deb49bce1f9-744x1039.png,api-images/OGN-113-298_malzahar-fanatic.png,,,
Progress Day,OGN-114/298,Origins,Rare,Spell,6,,1,https://cmsassets.rgpub.io/sanity/images/dsfx7636/game_data_live/b15f479a8f29e31b6e4c06cf2d7c8cb8630073ef-744x1039.png,api-images/OGN-114-298_progress-day.png,,,
Promising Future,OGN-115/298,Origins,Rare,Spell,5,,1,https://cmsassets.rgpub.io/sanity/images/dsfx7636/game_data_live/1ea5e7e50aaecee0b2ee2657d3c829dff0718fba-744x1039.png,api-images/OGN-115-298_promising-future.png,,,
Thousand-Tailed Watcher,OGN-116/298,Origins,Rare,Unit,7,7,1,https://cmsassets.rgpub.io/sanity/images/dsfx7636/game_data_live/b20e5644c33924a58e0497dd9f7db19723147003-744x1039.png,api-images/OGN-116-298_thousand-tailed-watcher.png,,,
Viktor - Innovator,OGN-117/298,Origins,Rare,Unit,4,3,1,https://cmsassets.rgpub.io/sanity/images/dsfx7636/game_data_live/35be0b10f13611b4f5d828f2a79001036ab57ba1-744x1039.png,api-images/OGN-117-298_viktor-innovator.png,,,
Wraith of Echoes,OGN-118/298,Origins,Rare,Unit,6,5,1,https://cmsassets.rgpub.io/sanity/images/dsfx7636/game_data_live/10785ab5267ca3ff2dea081d8d18ba47c3858517-744x1039.png,api-images/OGN-118-298_wraith-of-echoes.png,,,
Ahri - Inquisitive,OGN-119/298,Origins,Epic,Unit,3,3,1,https://cmsassets.rgpub.io/sanity/images/dsfx7636/game_data_live/cfa28e1abcac1db780d11e82985e13ee5978290d-744x1039.png,api-images/OGN-119-298_ahri-inquisitive.png,,,
Seal of Insight,OGN-120/298,Origins,Epic,Gear,0,,1,https://cmsassets.rgpub.io/sanity/images/dsfx7636/game_data_live/9ee0dc0221f83d569e0f458374e40f7238f306c2-744x1039.png,api-images/OGN-120-298_seal-of-insight.png,,,
Teemo - Strategist,OGN-121/298,Origins,Epic,Unit,2,2,1,https://cmsassets.rgpub.io/sanity/images/dsfx7636/game_data_live/b05f31bf744972983f61a9f5801b4ffd68fb9ebf-744x1039.png,api-images/OGN-121-298_teemo-strategist.png,,,
Last Stand,OGN-069/298,Origins,Rare,Spell,3,,1,https://cmsassets.rgpub.io/sanity/images/dsfx7636/game_data_live/9062d372d299c5c6a0c679f0ff07ba71590ca5f1-744x1039.png,api-images/OGN-069-298_last-stand.png,,,
Yasuo - Remorseful (Alternate Art),OGN-076A/298,Origins,Showcase,Unit,6,6,2,https://cmsassets.rgpub.io/sanity/images/dsfx7636/game_data_live/3f2cff3ff3b146c8bfe11594e37e9d8109884273-744x1039.png,api-images/OGN-076A-298_yasuo-remorseful-alternate-art.png,,,
Yasuo - Remorseful,OGN-076/298,Origins,Rare,Unit,6,6,2,https://cmsassets.rgpub.io/sanity/images/dsfx7636/game_data_live/1643a6c93626884c93363557e1a483642bda6c45-744x1039.png,api-images/OGN-076-298_yasuo-remorseful.png,,,
Tasty Faefolk,OGN-075/298,Origins,Rare,Unit,7,6,,https://cmsassets.rgpub.io/sanity/images/dsfx7636/game_data_live/65f69ca9a1087deb12e91fb6fdee7b6efd0c088f-744x1039.png,api-images/OGN-075-298_tasty-faefolk.png,,,
Taric - Protector,OGN-074/298,Origins,Rare,Unit,4,4,1,https://cmsassets.rgpub.io/sanity/images/dsfx7636/game_data_live/7d08e3f64401cb87b8a0564a1cbe6fc94aee03a7-744x1039.png,api-images/OGN-074-298_taric-protector.png,,,
Sona - Harmonious,OGN-073/298,Origins,Rare,Unit,4,4,1,https://cmsassets.rgpub.io/sanity/images/dsfx7636/game_data_live/8582f6430821fb912fcb3619c5ce9405f254cb2f-744x1039.png,api-images/OGN-073-298_sona-harmonious.png,,,
Solari Shrine,OGN-072/298,Origins,Rare,Gear,3,,,https://cmsassets.rgpub.io/sanity/images/dsfx7636/game_data_live/139a6d1c62a717bab4cdd75926e7f4aba6efb15d-744x1039.png,api-images/OGN-072-298_solari-shrine.png,,,
Party Favors,OGN-071/298,Origins,Rare,Spell,3,,,https://cmsassets.rgpub.io/sanity/images/dsfx7636/game_data_live/fddcef3c55663c5d6856f6d039d19cacfd64abb5-744x1039.png,api-images/OGN-071-298_party-favors.png,,,
Mageseeker Warden,OGN-070/298,Origins,Rare,Unit,6,5,1,https://cmsassets.rgpub.io/sanity/images/dsfx7636/game_data_live/ae844b929f817cdf76fe40c7bf5d5fc02062bdac-744x1039.png,api-images/OGN-070-298_mageseeker-warden.png,,,
Zhonya's Hourglass,OGN-077/298,Origins,Rare,Gear,2,,,https://cmsassets.rgpub.io/sanity/images/dsfx7636/game_data_live/dc38172c56f838b407fc9f170ba973da32d7cd4d-744x1039.png,api-images/OGN-077-298_zhonya-s-hourglass.png,,,
Caitlyn - Patrolling,OGN-068/298,Origins,Rare,Unit,3,3,1,https://cmsassets.rgpub.io/sanity/images/dsfx7636/game_data_live/51e6bacf25d19e7c391367ff107efb9e0b9f1ff5-744x1039.png,api-images/OGN-068-298_caitlyn-patrolling.png,,,
Blitzcrank - Impassive,OGN-067/298,Origins,Rare,Unit,5,5,1,https://cmsassets.rgpub.io/sanity/images/dsfx7636/game_data_live/654dcc4aef0a0b5a0c6e928d7aae397a52c3ab17-744x1039.png,api-images/OGN-067-298_blitzcrank-impassive.png,,,
Ahri - Alluring (Alternate Art),OGN-066A/298,Origins,Showcase,Unit,5,4,1,https://cmsassets.rgpub.io/sanity/images/dsfx7636/game_data_live/933f5d58cc0e27d017982306b9ae0f581c9c8d27-744x1039.png,api-images/OGN-066A-298_ahri-alluring-alternate-art.png,,,
Ahri - Alluring,OGN-066/298,Origins,Rare,Unit,5,4,1,https://cmsassets.rgpub.io/sanity/images/dsfx7636/game_data_live/fabbcc2f83f397cf07299236a702db05a151053b-744x1039.png,api-images/OGN-066-298_ahri-alluring.png,,,
Wizened Elder,OGN-065/298,Origins,Uncommon,Unit,4,4,,https://cmsassets.rgpub.io/sanity/images/dsfx7636/game_data_live/7b98797789ad7e3a6cf52126b82a42ec6f269bb7-744x1039.png,api-images/OGN-065-298_wizened-elder.png,,,
Wind Wall,OGN-064/298,Origins,Uncommon,Spell,3,,2,https://cmsassets.rgpub.io/sanity/images/dsfx7636/game_data_live/72c4dbe48d06916c847dab40340e5f05228fadfe-744x1039.png,api-images/OGN-064-298_wind-wall.png,,,
Spirit's Refuge,OGN-063/298,Origins,Uncommon,Gear,2,,1,https://cmsassets.rgpub.io/sanity/images/dsfx7636/game_data_live/26d5e54580d1f17ed6c35a66ac6a90ce56c99ec8-744x1039.png,api-images/OGN-063-298_spirit-s-refuge.png,,,
Shen - Kinkou,OGN-241/298,Origins,Rare,Unit,3,3,1,https://cmsassets.rgpub.io/sanity/images/dsfx7636/game_data_live/25f3a9fa33201278ebf475b2d02dae8c0c0cb20c-744x1039.png,api-images/OGN-241-298_shen-kinkou.png,,,
Lee Sin - Ascetic,OGN-078/298,Origins,Epic,Unit,5,5,1,https://cmsassets.rgpub.io/sanity/images/dsfx7636/game_data_live/70734e8833bfbbdb2736407c449f418553e3cf7c-744x1039.png,api-images/OGN-078-298_lee-sin-ascetic.png,,,
Lee Sin - Ascetic (Alternate Art),OGN-078A/298,Origins,Showcase,Unit,5,5,1,https://cmsassets.rgpub.io/sanity/images/dsfx7636/game_data_live/d34a98faacd3f7d32afd6fad99c806f202aa9dad-744x1039.png,api-images/OGN-078A-298_lee-sin-ascetic-alternate-art.png,,,
Leona - Zealot,OGN-079/298,Origins,Epic,Unit,6,6,1,https://cmsassets.rgpub.io/sanity/images/dsfx7636/game_data_live/3bd1e924bec41b0f733fc8b93dc8918ce5a53ba4-744x1039.png,api-images/OGN-079-298_leona-zealot.png,,,
Leona - Zealot (Alternate Art),OGN-079A/298,Origins,Showcase,Unit,6,6,1,https://cmsassets.rgpub.io/sanity/images/dsfx7636/game_data_live/451caa433b1fbe8e9d2b86548b82c3c5f2bac620-744x1039.png,api-images/OGN-079A-298_leona-zealot-alternate-art.png,,,
Mystic Reversal,OGN-080/298,Origins,Epic,Spell,4,,3,https://cmsassets.rgpub.io/sanity/images/dsfx7636/game_data_live/298fe91f9d76086b7d77880e11016ed46389b61b-744x1039.png,api-images/OGN-080-298_mystic-reversal.png,,,
Seal of Focus,OGN-081/298,Origins,Epic,Gear,0,,1,https://cmsassets.rgpub.io/sanity/images/dsfx7636/game_data_live/288c300c4e4cb10ecfe6c3cbb543d0636b306852-744x1039.png,api-images/OGN-081-298_seal-of-focus.png,,,
Whiteflame Protector,OGN-082/298,Origins,Epic,Unit,8,8,2,https://cmsassets.rgpub.io/sanity/images/dsfx7636/game_data_live/a5cdd793736f915fa1b4ea388af66de7b2bc00cb-744x1039.png,api-images/OGN-082-298_whiteflame-protector.png,,,
Consult the Past,OGN-083/298,Origins,Common,Spell,4,,,https://cmsassets.rgpub.io/sanity/images/dsfx7636/game_data_live/198d950d3933972273ec714e9264cbd563ea6920-744x1039.png,api-images/OGN-083-298_consult-the-past.png,,,
Eager Apprentice,OGN-084/298,Origins,Common,Unit,3,3,,https://cmsassets.rgpub.io/sanity/images/dsfx7636/game_data_live/cf6d5447ff3634d8c2c0216cb2e5802fb5ca0b2e-744x1039.png,api-images/OGN-084-298_eager-apprentice.png,,,
Falling Comet,OGN-085/298,Origins,Common,Spell,5,,,https://cmsassets.rgpub.io/sanity/images/dsfx7636/game_data_live/eaaf300a07d5b2927fe9a601d70f2a01b512cc7e-744x1039.png,api-images/OGN-085-298_falling-comet.png,,,
Jeweled Colossus,OGN-086/298,Origins,Common,Unit,5,5,,https://cmsassets.rgpub.io/sanity/images/dsfx7636/game_data_live/775bea14038165fd9feb15c796ed84aa00a032e1-744x1039.png,api-images/OGN-086-298_jeweled-colossus.png,,,
Lecturing Yordle,OGN-087/298,Origins,Common,Unit,3,2,,https://cmsassets.rgpub.io/sanity/images/dsfx7636/game_data_live/62e22370dac35c18de21efbfce9c86ca821e9105-744x1039.png,api-images/OGN-087-298_lecturing-yordle.png,,,
Mega-Mech,OGN-088/298,Origins,Common,Unit,7,8,,https://cmsassets.rgpub.io/sanity/images/dsfx7636/game_data_live/f71db7b62798a2a10a1ab0d293c26ac9dd163c6a-744x1039.png,api-images/OGN-088-298_mega-mech.png,,,
Mind Rune,OGN-089/298,Origins,Common,Rune,,,,https://cmsassets.rgpub.io/sanity/images/dsfx7636/game_data_live/f99aa4874baaebd2e81798c8a3aa01c5900f6d30-744x1039.png,api-images/OGN-089-298_mind-rune.png,,,
Mind Rune (Alternate Art),OGN-089A/298,Origins,Showcase,Rune,,,,https://cmsassets.rgpub.io/sanity/images/dsfx7636/game_data_live/ecf8c8632c728520b51cd4bc79036677e96ebdfd-1488x2078.png,api-images/OGN-089A-298_mind-rune-alternate-art.png,,,
Warmog's Armor,SFD-108/221,Spiritforged,Uncommon,Gear,1,,,https://cmsassets.rgpub.io/sanity/images/dsfx7636/game_data_live/0d680867670dd75a66a632cd6f044a7f7e39b42b-744x1039.png,api-images/SFD-108-221_warmog-s-armor.png,,,
Strike Down,SFD-107/221,Spiritforged,Uncommon,Spell,3,,1,https://cmsassets.rgpub.io/sanity/images/dsfx7636/game_data_live/3570810e867d132fd5a60cc3462f53f42b245ad9-744x1039.png,api-images/SFD-107-221_strike-down.png,,,
Premonition,SFD-087/221,Spiritforged,Epic,Spell,2,,3,https://cmsassets.rgpub.io/sanity/images/dsfx7636/game_data_live/20ad2f42bcf9a0402e2a0d5a21d55eacee9ecf35-744x1039.png,api-images/SFD-087-221_premonition.png,,,
Rell - Magnetic,SFD-024/221,Spiritforged,Rare,Unit,4,4,,https://cmsassets.rgpub.io/sanity/images/dsfx7636/game_data_live/8aa1a9cf0a91a9ab601d5e5d42a438d4217eddd7-744x1039.png,api-images/SFD-024-221_rell-magnetic.png,,,
Piercing Light,SFD-023/221,Spiritforged,Rare,Spell,2,,1,https://cmsassets.rgpub.io/sanity/images/dsfx7636/game_data_live/7fb3283b11fb8e5b5b08f9ead9b98c695b75bff0-744x1039.png,api-images/SFD-023-221_piercing-light.png,,,
Jax - Unrelenting,SFD-119/221,Spiritforged,Epic,Unit,4,3,1,https://cmsassets.rgpub.io/sanity/images/dsfx7636/game_data_live/e63ab3370a6e4ce4baddfba12ab92468f6cc9541-744x1039.png,api-images/SFD-119-221_jax-unrelenting.png,,,
Bellows Breath,SFD-080/221,Spiritforged,Rare,Spell,1,,1,https://cmsassets.rgpub.io/sanity/images/dsfx7636/game_data_live/f0ae1c4bb788f6fadc251c9d9b36f3f92eef4c56-744x1039.png,api-images/SFD-080-221_bellows-breath.png,,,
Yone - Blademaster,SFD-116/221,Spiritforged,Rare,Unit,5,5,1,https://cmsassets.rgpub.io/sanity/images/dsfx7636/game_data_live/0e8efd9af74b65170e04eed45844e6d7e2c4d70b-744x1039.png,api-images/SFD-116-221_yone-blademaster.png,,,
B.F. Sword,SFD-161/221,Spiritforged,Uncommon,Gear,4,,,https://cmsassets.rgpub.io/sanity/images/dsfx7636/game_data_live/97cd20e414c7282abb18cf7691eb1a5a2435af90-744x1039.png,api-images/SFD-161-221_b-f-sword.png,,,
Jax - Unrelenting (Alternate Art),SFD-119A/221,Spiritforged,Showcase,Unit,4,3,1,https://cmsassets.rgpub.io/sanity/images/dsfx7636/game_data_live/a5796125bdb0af8ceb60cd0c5c273c6417e0f7da-744x1039.png,api-images/SFD-119A-221_jax-unrelenting-alternate-art.png,,,
Altar of Memories,SFD-169/221,Spiritforged,Rare,Gear,2,,,https://cmsassets.rgpub.io/sanity/images/dsfx7636/game_data_live/3ddc94a035d793d48987c6fe5d65fa11ea25c808-744x1039.png,api-images/SFD-169-221_altar-of-memories.png,,,
World Atlas,SFD-086/221,Spiritforged,Rare,Gear,3,,,https://cmsassets.rgpub.io/sanity/images/dsfx7636/game_data_live/7b8d96e128c19c5ff368119a60759cffa644e942-744x1039.png,api-images/SFD-086-221_world-atlas.png,,,
Called Shot,SFD-122/221,Spiritforged,Common,Spell,0,,1,https://cmsassets.rgpub.io/sanity/images/dsfx7636/game_data_live/08b859c0e21eba5a033f480702bcdd1045f6294b-744x1039.png,api-images/SFD-122-221_called-shot.png,,,
Jaull-Fish,SFD-103/221,Spiritforged,Uncommon,Unit,7,6,2,https://cmsassets.rgpub.io/sanity/images/dsfx7636/game_data_live/56a31630910179a1fb2f2ddf3e6e5c9627bddf5e-744x1039.png,api-images/SFD-103-221_jaull-fish.png,,,
Buhru Captain,SFD-091/221,Spiritforged,Common,Unit,3,3,1,https://cmsassets.rgpub.io/sanity/images/dsfx7636/game_data_live/9f5186bd42c23f75ea84186aa2cb945cc02a222e-744x1039.png,api-images/SFD-091-221_buhru-captain.png,,,
Dauntless Vanguard,SFD-093/221,Spiritforged,Common,Unit,4,4,1,https://cmsassets.rgpub.io/sanity/images/dsfx7636/game_data_live/cb19a57b58370952cb37fff27375826d5c274129-744x1039.png,api-images/SFD-093-221_dauntless-vanguard.png,,,
Veteran Poro,SFD-099/221,Spiritforged,Common,Unit,2,2,,https://cmsassets.rgpub.io/sanity/images/dsfx7636/game_data_live/54b8aa5aa80e74e0c545d4c484353c5b9e78bdfc-744x1039.png,api-images/SFD-099-221_veteran-poro.png,,,
Rek'Sai - Swarm Queen,SFD-170/221,Spiritforged,Rare,Unit,5,5,1,https://cmsassets.rgpub.io/sanity/images/dsfx7636/game_data_live/5470aaad3bdb7ff5d2e605b07d93cedb7254c54d-744x1039.png,api-images/SFD-170-221_rek-sai-swarm-queen.png,,,
Boneshiver,SFD-118/221,Spiritforged,Epic,Gear,3,,,https://cmsassets.rgpub.io/sanity/images/dsfx7636/game_data_live/c3e4d8c3f3975a7429428ac90e5ebcffa1f8e5a9-744x1039.png,api-images/SFD-118-221_boneshiver.png,,,
Void Drone,SFD-010/221,Spiritforged,Common,Unit,3,3,,https://cmsassets.rgpub.io/sanity/images/dsfx7636/game_data_live/589dde45bc610eb83bc808803e4becf8a6d2da84-744x1039.png,api-images/SFD-010-221_void-drone.png,,,
Fiora - Grand Duelist (Overnumbered),SFD-251/221,Spiritforged,Showcase,Legend,,,,https://cmsassets.rgpub.io/sanity/images/dsfx7636/game_data_live/720df5a56619a6b53aa1217cb84446f2469b40e5-744x1039.png,api-images/SFD-251-221_fiora-grand-duelist-overnumbered.png,,,
Draven - Glorious Executioner (Overnumbered),SFD-242/221,Spiritforged,Showcase,Legend,,,,https://cmsassets.rgpub.io/sanity/images/dsfx7636/game_data_live/5a06fcd2cadbdb574d34d210ca97441ec33c9277-744x1039.png,api-images/SFD-242-221_draven-glorious-executioner-overnumbered.png,,,
Treasure Hoard,SFD-220/221,Spiritforged,Uncommon,Battlefield,,,,https://cmsassets.rgpub.io/sanity/images/dsfx7636/game_data_live/cb39bf9f8c30d1ed756ba1b83c975a89d3635159-1039x744.png,api-images/SFD-220-221_treasure-hoard.png,,,
Fiora - Worthy (Alternate Art),SFD-180A/221,Spiritforged,Showcase,Unit,3,3,,https://cmsassets.rgpub.io/sanity/images/dsfx7636/game_data_live/e38428b921717edf676bd7f9628fc61b1355814c-744x1039.png,api-images/SFD-180A-221_fiora-worthy-alternate-art.png,,,
Fiora - Worthy,SFD-180/221,Spiritforged,Epic,Unit,3,3,,https://cmsassets.rgpub.io/sanity/images/dsfx7636/game_data_live/7339e76b7796242a15e97cfddbe04c32d5a05063-744x1039.png,api-images/SFD-180-221_fiora-worthy.png,,,
Rek'Sai - Swarm Queen (Alternate Art),SFD-170A/221,Spiritforged,Showcase,Unit,5,5,1,https://cmsassets.rgpub.io/sanity/images/dsfx7636/game_data_live/a268cef6d06080055575bed86aca6db9d75359ac-744x1039.png,api-images/SFD-170A-221_rek-sai-swarm-queen-alternate-art.png,,,
Unsung Hero,SFD-167/221,Spiritforged,Uncommon,Unit,2,2,,https://cmsassets.rgpub.io/sanity/images/dsfx7636/game_data_live/2a227ef7494af6409000c13c4f3d1094cec3a3a8-744x1039.png,api-images/SFD-167-221_unsung-hero.png,,,
Last Rites,SFD-150/221,Spiritforged,Epic,Gear,3,,,https://cmsassets.rgpub.io/sanity/images/dsfx7636/game_data_live/6cfab85030bff454262794e4fa12f11b5dc45a74-744x1039.png,api-images/SFD-150-221_last-rites.png,,,
Draven - Audacious (Alternate Art),SFD-148A/221,Spiritforged,Showcase,Unit,6,6,1,https://cmsassets.rgpub.io/sanity/images/dsfx7636/game_data_live/2b2c2a20cd22c8799b211dd4d7f95c95a8be33ea-744x1039.png,api-images/SFD-148A-221_draven-audacious-alternate-art.png,,,
Draven - Audacious,SFD-148/221,Spiritforged,Epic,Unit,6,6,1,https://cmsassets.rgpub.io/sanity/images/dsfx7636/game_data_live/8247622cbe90eadada8d0660ea31d146b1207a87-744x1039.png,api-images/SFD-148-221_draven-audacious.png,,,
Switcheroo,SFD-145/221,Spiritforged,Rare,Spell,2,,2,https://cmsassets.rgpub.io/sanity/images/dsfx7636/game_data_live/a4338f495feff5eee46d5349b5fded5e35e76176-744x1039.png,api-images/SFD-145-221_switcheroo.png,,,
Windsinger,SFD-138/221,Spiritforged,Uncommon,Unit,2,1,,https://cmsassets.rgpub.io/sanity/images/dsfx7636/game_data_live/e47c9a3956f8fbb77daa5fdb2ee433dd1772f247-744x1039.png,api-images/SFD-138-221_windsinger.png,,,
Boots of Swiftness,SFD-133/221,Spiritforged,Uncommon,Gear,3,,,https://cmsassets.rgpub.io/sanity/images/dsfx7636/game_data_live/a8a8e977f7427227adac69b5d2db07f643d0df09-744x1039.png,api-images/SFD-133-221_boots-of-swiftness.png,,,
Loyal Pup,SFD-126/221,Spiritforged,Common,Unit,3,3,,https://cmsassets.rgpub.io/sanity/images/dsfx7636/game_data_live/2f15c4508900636e1560fa0e8832aff6b3160d0f-744x1039.png,api-images/SFD-126-221_loyal-pup.png,,,
Danger Zone,SFD-182/221,Spiritforged,Epic,Spell,1,,1,https://cmsassets.rgpub.io/sanity/images/dsfx7636/game_data_live/c4652150ba885dd346b8f3622fd0e4ada7cf767f-744x1039.png,api-images/SFD-182-221_danger-zone.png,,,
Ezreal - Prodigal Explorer,SFD-199/221,Spiritforged,Rare,Legend,,,,https://cmsassets.rgpub.io/sanity/images/dsfx7636/game_data_live/d0e143d9edbc14971b2a7b463b3c25b2b6a0c098-744x1039.png,api-images/SFD-199-221_ezreal-prodigal-explorer.png,,,
Defiant Dance,SFD-196/221,Spiritforged,Epic,Spell,1,,1,https://cmsassets.rgpub.io/sanity/images/dsfx7636/game_data_live/6f5bc5c9e321830337998a2b85e4fec3cd8251c9-744x1039.png,api-images/SFD-196-221_defiant-dance.png,,,
Jax - Grandmaster At Arms,SFD-193/221,Spiritforged,Rare,Legend,,,,https://cmsassets.rgpub.io/sanity/images/dsfx7636/game_data_live/c6ddf49d7249bc8ac194fd9b194bfcb8857a4466-744x1039.png,api-images/SFD-193-221_jax-grandmaster-at-arms.png,,,
Ornn - Fire Below the Mountain,SFD-189/221,Spiritforged,Rare,Legend,,,,https://cmsassets.rgpub.io/sanity/images/dsfx7636/game_data_live/ed58d654034d545e54c85d836f3a6552772dd75b-744x1039.png,api-images/SFD-189-221_ornn-fire-below-the-mountain.png,,,
Void Rush,SFD-188/221,Spiritforged,Epic,Spell,2,,1,https://cmsassets.rgpub.io/sanity/images/dsfx7636/game_data_live/ce606f096ae76485cd8dd3cc337629b510f0d1e7-744x1039.png,api-images/SFD-188-221_void-rush.png,,,
Rek'sai - Void Burrower,SFD-187/221,Spiritforged,Rare,Legend,,,,https://cmsassets.rgpub.io/sanity/images/dsfx7636/game_data_live/2db78549c30d8f9012af797fe075c4dc2355ec5d-744x1039.png,api-images/SFD-187-221_rek-sai-void-burrower.png,,,
Relentless Pursuit,SFD-184/221,Spiritforged,Epic,Spell,2,,1,https://cmsassets.rgpub.io/sanity/images/dsfx7636/game_data_live/48754730486abefdb56221d0760b9c963aae7c09-744x1039.png,api-images/SFD-184-221_relentless-pursuit.png,,,
Lucian - Purifier,SFD-183/221,Spiritforged,Rare,Legend,,,,https://cmsassets.rgpub.io/sanity/images/dsfx7636/game_data_live/450cfb71b8890904d48b37a24bbdc78f8d849614-744x1039.png,api-images/SFD-183-221_lucian-purifier.png,,,
Fiora - Grand Duelist,SFD-205/221,Spiritforged,Rare,Legend,,,,https://cmsassets.rgpub.io/sanity/images/dsfx7636/game_data_live/37064aa79c13316b5dd28f0a2b054821a43f6650-744x1039.png,api-images/SFD-205-221_fiora-grand-duelist.png,,,
Rumble - Mechanized Menace,SFD-181/221,Spiritforged,Rare,Legend,,,,https://cmsassets.rgpub.io/sanity/images/dsfx7636/game_data_live/f311115e4c527ce82010596ce462d4050a9201b2-744x1039.png,api-images/SFD-181-221_rumble-mechanized-menace.png,,,
Ahri - Inquisitive (Signature),SFD-227*/221,Spiritforged,Showcase,Unit,3,3,1,https://cmsassets.rgpub.io/sanity/images/dsfx7636/game_data_live/608f786c30a7e80db87d3c2d45bc0c26b0840c5e-744x1039.png,api-images/SFD-227*-221_ahri-inquisitive-signature.png,,,
Irelia - Graceful (Alternate Art),SFD-141A/221,Spiritforged,Showcase,Unit,4,4,1,https://cmsassets.rgpub.io/sanity/images/dsfx7636/game_data_live/08419c2b5b7aa7e5f63854e324d5dabe0b5997a2-744x1039.png,api-images/SFD-141A-221_irelia-graceful-alternate-art.png,,,
Irelia - Graceful,SFD-141/221,Spiritforged,Rare,Unit,4,4,1,https://cmsassets.rgpub.io/sanity/images/dsfx7636/game_data_live/03b9d73a7ef02447d7f4b67381a76616249061cc-744x1039.png,api-images/SFD-141-221_irelia-graceful.png,,,
Doran's Ring,SFD-124/221,Spiritforged,Common,Gear,1,,,https://cmsassets.rgpub.io/sanity/images/dsfx7636/game_data_live/054df5a11967b768430a2f763e1b5d4dbbac3b50-744x1039.png,api-images/SFD-124-221_doran-s-ring.png,,,
Lucian - Merciless (Alternate Art),SFD-113A/221,Spiritforged,Showcase,Unit,3,3,,https://cmsassets.rgpub.io/sanity/images/dsfx7636/game_data_live/e05478b8081b3694a795ab0308b1e2c2a7748715-744x1039.png,api-images/SFD-113A-221_lucian-merciless-alternate-art.png,,,
Here to Help,SFD-111/221,Spiritforged,Rare,Spell,2,,1,https://cmsassets.rgpub.io/sanity/images/dsfx7636/game_data_live/6daa8caf27f76f2b0bce189fb9df196129582afa-744x1039.png,api-images/SFD-111-221_here-to-help.png,,,
Renata Glasc - Industrialist,SFD-171/221,Spiritforged,Rare,Unit,4,4,1,https://cmsassets.rgpub.io/sanity/images/dsfx7636/game_data_live/edacb8a82d840f2fe46233de9157319a1dc6361a-744x1039.png,api-images/SFD-171-221_renata-glasc-industrialist.png,,,
Irelia - Fervent (Overnumbered),SFD-225/221,Spiritforged,Showcase,Unit,5,4,,https://cmsassets.rgpub.io/sanity/images/dsfx7636/game_data_live/40454a8534f7c9444bafd000ffbfc0e5bcc847f0-744x1039.png,api-images/SFD-225-221_irelia-fervent-overnumbered.png,,,
Irelia - Fervent (Signature),SFD-225*/221,Spiritforged,Showcase,Unit,5,4,,https://cmsassets.rgpub.io/sanity/images/dsfx7636/game_data_live/e064a9017b5d6bf0e18c4452acfca4ed8c279657-744x1039.png,api-images/SFD-225*-221_irelia-fervent-signature.png,,,
Seal of Discord (Overnumbered),SFD-234/221,Spiritforged,Showcase,Gear,0,,1,https://cmsassets.rgpub.io/sanity/images/dsfx7636/game_data_live/9263b8f36725a4cec320c1049608824ae72f6237-744x1039.png,api-images/SFD-234-221_seal-of-discord-overnumbered.png,,,
Rumble - Mechanized Menace (Overnumbered),SFD-240/221,Spiritforged,Showcase,Legend,,,,https://cmsassets.rgpub.io/sanity/images/dsfx7636/game_data_live/0234cad3663d52d3120e78f2adbe8a253102a7a3-744x1039.png,api-images/SFD-240-221_rumble-mechanized-menace-overnumbered.png,,,
Ornn - Fire Below the Mountain (Overnumbered),SFD-244/221,Spiritforged,Showcase,Legend,,,,https://cmsassets.rgpub.io/sanity/images/dsfx7636/game_data_live/883dab66da8ed5ab39d968ed7fcaebd5ebaf3d43-744x1039.png,api-images/SFD-244-221_ornn-fire-below-the-mountain-overnumbered.png,,,
Plundering Poro,SFD-069/221,Spiritforged,Common,Unit,2,2,,https://cmsassets.rgpub.io/sanity/images/dsfx7636/game_data_live/4ff9e6c73f67b505e50ec2f5f513292fe5b20b95-744x1039.png,api-images/SFD-069-221_plundering-poro.png,,,
Vayne - Hunter (Overnumbered),SFD-223/221,Spiritforged,Showcase,Unit,4,2,1,https://cmsassets.rgpub.io/sanity/images/dsfx7636/game_data_live/6f8caecc98cb5dae1b818677ef5baaaa4a5f7cb2-744x1039.png,api-images/SFD-223-221_vayne-hunter-overnumbered.png,,,
Vayne - Hunter (Signature),SFD-223*/221,Spiritforged,Showcase,Unit,4,2,1,https://cmsassets.rgpub.io/sanity/images/dsfx7636/game_data_live/75f9eac062e43105ee602b6050fe230fb8d2dce5-744x1039.png,api-images/SFD-223*-221_vayne-hunter-signature.png,,,
Sett - Brawler (Overnumbered),SFD-232/221,Spiritforged,Showcase,Unit,5,4,1,https://cmsassets.rgpub.io/sanity/images/dsfx7636/game_data_live/a13d5473e205cb9dd8123895c58ed6ac8f19e814-744x1039.png,api-images/SFD-232-221_sett-brawler-overnumbered.png,,,
Sett - Brawler (Signature),SFD-232*/221,Spiritforged,Showcase,Unit,5,4,1,https://cmsassets.rgpub.io/sanity/images/dsfx7636/game_data_live/ea35315d12a86cff8e37fa716c92dc76d9edceb8-744x1039.png,api-images/SFD-232*-221_sett-brawler-signature.png,,,
Seal of Focus (Overnumbered),SFD-226/221,Spiritforged,Showcase,Gear,0,,1,https://cmsassets.rgpub.io/sanity/images/dsfx7636/game_data_live/8b6bb0da7d3b37dad51148b7914e7d2b840b6482-744x1039.png,api-images/SFD-226-221_seal-of-focus-overnumbered.png,,,
Seal of Strength (Overnumbered),SFD-231/221,Spiritforged,Showcase,Gear,0,,1,https://cmsassets.rgpub.io/sanity/images/dsfx7636/game_data_live/dd5c24995d5c6d327b5101da3d6426f1a75a49ef-744x1039.png,api-images/SFD-231-221_seal-of-strength-overnumbered.png,,,
Treasure Hunter,SFD-130/221,Spiritforged,Common,Unit,2,1,,https://cmsassets.rgpub.io/sanity/images/dsfx7636/game_data_live/c4e1bf257379b4612a1c58f0480480d9b698196c-744x1039.png,api-images/SFD-130-221_treasure-hunter.png,,,
Honest Broker,SFD-155/221,Spiritforged,Common,Unit,2,2,,https://cmsassets.rgpub.io/sanity/images/dsfx7636/game_data_live/b3cc9bb93888f6f276f674baa16a0e53c724ae99-744x1039.png,api-images/SFD-155-221_honest-broker.png,,,
Kato the Arm,SFD-112/221,Spiritforged,Rare,Unit,4,3,1,https://cmsassets.rgpub.io/sanity/images/dsfx7636/game_data_live/f4ea4f2f5169a3813d9eb7f0d3d2f41bdddebfc7-744x1039.png,api-images/SFD-112-221_kato-the-arm.png,,,
Yone - Blademaster (Overnumbered),SFD-233/221,Spiritforged,Showcase,Unit,5,5,1,https://cmsassets.rgpub.io/sanity/images/dsfx7636/game_data_live/0bb6fd6e7d1e6fefeeccc82059bdae2eaa000730-744x1039.png,api-images/SFD-233-221_yone-blademaster-overnumbered.png,,,
Sivir - Ambitious (Alternate Art),SFD-120A/221,Spiritforged,Showcase,Unit,6,7,3,https://cmsassets.rgpub.io/sanity/images/dsfx7636/game_data_live/484adbe28bafadf0ac37d7787c916013bd106793-744x1039.png,api-images/SFD-120A-221_sivir-ambitious-alternate-art.png,,,
Sivir - Ambitious,SFD-120/221,Spiritforged,Epic,Unit,6,7,3,https://cmsassets.rgpub.io/sanity/images/dsfx7636/game_data_live/bd3f242c9ca59cfc2d7dc5b146877c66bb310bb7-744x1039.png,api-images/SFD-120-221_sivir-ambitious.png,,,
Downwell,SFD-147/221,Spiritforged,Epic,Spell,8,,2,https://cmsassets.rgpub.io/sanity/images/dsfx7636/game_data_live/950eff0d07ef1e25be46fdb340fe8510c551c159-744x1039.png,api-images/SFD-147-221_downwell.png,,,
Renata Glasc - Industrialist (Alternate Art),SFD-171A/221,Spiritforged,Showcase,Unit,4,4,1,https://cmsassets.rgpub.io/sanity/images/dsfx7636/game_data_live/358df43d50a3fc018a6e092acd5fbb3031e0033d-744x1039.png,api-images/SFD-171A-221_renata-glasc-industrialist-alternate-art.png,,,
Azir - Sovereign (Alternate Art),SFD-177A/221,Spiritforged,Showcase,Unit,4,4,,https://cmsassets.rgpub.io/sanity/images/dsfx7636/game_data_live/62c75543213df186d3f05236fda6abe8992c948e-744x1039.png,api-images/SFD-177A-221_azir-sovereign-alternate-art.png,,,
Azir - Sovereign,SFD-177/221,Spiritforged,Epic,Unit,4,4,,https://cmsassets.rgpub.io/sanity/images/dsfx7636/game_data_live/088970936fc800bd2c4b36636734e16c83e1c8f9-744x1039.png,api-images/SFD-177-221_azir-sovereign.png,,,
Corina Veraza,SFD-179/221,Spiritforged,Epic,Unit,7,6,1,https://cmsassets.rgpub.io/sanity/images/dsfx7636/game_data_live/6b0f55aee4b4f9d0074c808e0fff00dcb7e35377-744x1039.png,api-images/SFD-179-221_corina-veraza.png,,,
Yone - Blademaster (Signature),SFD-233*/221,Spiritforged,Showcase,Unit,5,5,1,https://cmsassets.rgpub.io/sanity/images/dsfx7636/game_data_live/8b190a0e419af24797408f0df4c17b48e8d86e5f-744x1039.png,api-images/SFD-233*-221_yone-blademaster-signature.png,,,
Ancient Henge,SFD-117/221,Spiritforged,Epic,Gear,2,,1,https://cmsassets.rgpub.io/sanity/images/dsfx7636/game_data_live/c7c260b77b4174a61aed6243ed90f76594102193-744x1039.png,api-images/SFD-117-221_ancient-henge.png,,,
Lucian - Purifier (Overnumbered),SFD-241/221,Spiritforged,Showcase,Legend,,,,https://cmsassets.rgpub.io/sanity/images/dsfx7636/game_data_live/eb2a5262da6044c041ba87becae1dc71d58b2bf7-744x1039.png,api-images/SFD-241-221_lucian-purifier-overnumbered.png,,,
Rek'sai - Void Burrower (Overnumbered),SFD-243/221,Spiritforged,Showcase,Legend,,,,https://cmsassets.rgpub.io/sanity/images/dsfx7636/game_data_live/968eb5c484a25bbebd162f31736024b4ff3b0d07-744x1039.png,api-images/SFD-243-221_rek-sai-void-burrower-overnumbered.png,,,
Yordle Explorer,SFD-100/221,Spiritforged,Common,Unit,4,4,,https://cmsassets.rgpub.io/sanity/images/dsfx7636/game_data_live/556b20c8c605545f13a8990dca36586a287ebb29-744x1039.png,api-images/SFD-100-221_yordle-explorer.png,,,
Ornn - Forge God (Alternate Art),SFD-085A/221,Spiritforged,Showcase,Unit,6,4,,https://cmsassets.rgpub.io/sanity/images/dsfx7636/game_data_live/22af72b06cb92d4a0078dddfb87cc9c21c92231d-744x1039.png,api-images/SFD-085A-221_ornn-forge-god-alternate-art.png,,,
Ornn - Forge God,SFD-085/221,Spiritforged,Rare,Unit,6,4,,https://cmsassets.rgpub.io/sanity/images/dsfx7636/game_data_live/f33c4ea9010ea5f440d4470554845c0ecae2c893-744x1039.png,api-images/SFD-085-221_ornn-forge-god.png,,,
Jayce - Man of Progress,SFD-084/221,Spiritforged,Rare,Unit,4,4,,https://cmsassets.rgpub.io/sanity/images/dsfx7636/game_data_live/b508fa4e52ebbd5f66e1fc7df28cfb70acdfe1f5-744x1039.png,api-images/SFD-084-221_jayce-man-of-progress.png,,,
Ezreal - Dashing (Alternate Art),SFD-082A/221,Spiritforged,Showcase,Unit,4,3,1,https://cmsassets.rgpub.io/sanity/images/dsfx7636/game_data_live/83da64e39d838d2fee68c319c03fbff0d4c7035f-744x1039.png,api-images/SFD-082A-221_ezreal-dashing-alternate-art.png,,,
Bard - Mercurial,SFD-079/221,Spiritforged,Rare,Unit,4,4,1,https://cmsassets.rgpub.io/sanity/images/dsfx7636/game_data_live/edfefb81b8821f548a234d8e6d54fd072d7dc22c-744x1039.png,api-images/SFD-079-221_bard-mercurial.png,,,
Xin Zhao - Vigilant,SFD-176/221,Spiritforged,Rare,Unit,3,4,1,https://cmsassets.rgpub.io/sanity/images/dsfx7636/game_data_live/ec694ac53a49fd4419434cb144daaaf0f38da574-744x1039.png,api-images/SFD-176-221_xin-zhao-vigilant.png,,,
Undertitan,SFD-175/221,Spiritforged,Rare,Unit,6,5,1,https://cmsassets.rgpub.io/sanity/images/dsfx7636/game_data_live/aa3bd795a1fa015b42bf64a2d588f527342c2a15-744x1039.png,api-images/SFD-175-221_undertitan.png,,,
Trove Golem,SFD-174/221,Spiritforged,Rare,Unit,8,9,2,https://cmsassets.rgpub.io/sanity/images/dsfx7636/game_data_live/e5b0966cc00203db1036b6fa95360541f72ae131-744x1039.png,api-images/SFD-174-221_trove-golem.png,,,
Soraka - Wanderer,SFD-173/221,Spiritforged,Rare,Unit,4,4,1,https://cmsassets.rgpub.io/sanity/images/dsfx7636/game_data_live/91fd5050b8caded842ce22c1e473f237cd991efd-744x1039.png,api-images/SFD-173-221_soraka-wanderer.png,,,
Sacred Shears,SFD-172/221,Spiritforged,Rare,Gear,2,,1,https://cmsassets.rgpub.io/sanity/images/dsfx7636/game_data_live/af1069aef68d413127dfa84e4e96b8d66a8720ca-744x1039.png,api-images/SFD-172-221_sacred-shears.png,,,
Jae Medarda,SFD-142/221,Spiritforged,Rare,Unit,5,5,2,https://cmsassets.rgpub.io/sanity/images/dsfx7636/game_data_live/92eac6bb020a068d9c1668b59ecaaeab05112b3f-744x1039.png,api-images/SFD-142-221_jae-medarda.png,,,
Fizz - Trickster,SFD-140/221,Spiritforged,Rare,Unit,3,3,1,https://cmsassets.rgpub.io/sanity/images/dsfx7636/game_data_live/6d1c6615fb6ef5fb520a35b2ce76f8feee9167dc-744x1039.png,api-images/SFD-140-221_fizz-trickster.png,,,
Marching Orders,SFD-114/221,Spiritforged,Rare,Spell,3,,,https://cmsassets.rgpub.io/sanity/images/dsfx7636/game_data_live/b553f8e16e0ff1aaa57f74121e68954fbe45a07b-744x1039.png,api-images/SFD-114-221_marching-orders.png,,,
Aspiring Engineer,SFD-061/221,Spiritforged,Common,Unit,3,3,1,https://cmsassets.rgpub.io/sanity/images/dsfx7636/game_data_live/5d61995ae384bcee56838beb0eb6d83bf5faefad-744x1039.png,api-images/SFD-061-221_aspiring-engineer.png,,,
Ornn's Forge,SFD-213/221,Spiritforged,Uncommon,Battlefield,,,,https://cmsassets.rgpub.io/sanity/images/dsfx7636/game_data_live/e228948bc7a6d8ee858fbc0bed3d93a53f467097-1039x744.png,api-images/SFD-213-221_ornn-s-forge.png,,,
Rek'Sai - Breacher,SFD-029/221,Spiritforged,Epic,Unit,3,3,,https://cmsassets.rgpub.io/sanity/images/dsfx7636/game_data_live/999e2d25ea32da971e7b99b6e75558286c17949e-744x1039.png,api-images/SFD-029-221_rek-sai-breacher.png,,,
Vanguard Armory,SFD-168/221,Spiritforged,Uncommon,Gear,7,,1,https://cmsassets.rgpub.io/sanity/images/dsfx7636/game_data_live/4f4d735ff77ea599307e142196338d438fcedc05-744x1039.png,api-images/SFD-168-221_vanguard-armory.png,,,
Glasc Mixologist,SFD-165/221,Spiritforged,Uncommon,Unit,5,5,1,https://cmsassets.rgpub.io/sanity/images/dsfx7636/game_data_live/e7422fee71796aa61f8d9691d07654b901fc20f2-744x1039.png,api-images/SFD-165-221_glasc-mixologist.png,,,
Drag Under,SFD-164/221,Spiritforged,Uncommon,Spell,5,,1,https://cmsassets.rgpub.io/sanity/images/dsfx7636/game_data_live/2400881960412ada4c1d1066105f206b02f8998a-744x1039.png,api-images/SFD-164-221_drag-under.png,,,
Royal Guard,SFD-157/221,Spiritforged,Common,Unit,4,2,,https://cmsassets.rgpub.io/sanity/images/dsfx7636/game_data_live/919d79a3f5a38c78476e6414a898a0dc7b385629-744x1039.png,api-images/SFD-157-221_royal-guard.png,,,
Royal Entourage,SFD-039/221,Spiritforged,Common,Unit,3,4,1,https://cmsassets.rgpub.io/sanity/images/dsfx7636/game_data_live/a6f3ce580860fe80fdf1b41533ba89b5060e946a-744x1039.png,api-images/SFD-039-221_royal-entourage.png,,,
Rengar - Pouncing,SFD-025/221,Spiritforged,Rare,Unit,3,3,1,https://cmsassets.rgpub.io/sanity/images/dsfx7636/game_data_live/e24eb3fb835c4762479da5608b018785ef22e02c-744x1039.png,api-images/SFD-025-221_rengar-pouncing.png,,,
Ferrous Forerunner,SFD-021/221,Spiritforged,Rare,Unit,6,6,1,https://cmsassets.rgpub.io/sanity/images/dsfx7636/game_data_live/b2873a352c0158a677255894cec458d1c17709f7-744x1039.png,api-images/SFD-021-221_ferrous-forerunner.png,,,
Frostcoat Cub,SFD-067/221,Spiritforged,Common,Unit,3,3,,https://cmsassets.rgpub.io/sanity/images/dsfx7636/game_data_live/0b5f1f6ed65e070d2878b8aa21fd95e43688fc1d-744x1039.png,api-images/SFD-067-221_frostcoat-cub.png,,,
Darius - Executioner (Signature),SFD-236*/221,Spiritforged,Showcase,Unit,6,6,1,https://cmsassets.rgpub.io/sanity/images/dsfx7636/game_data_live/46fc840c17925406d22703b82ad02f5eb2ab62cf-744x1039.png,api-images/SFD-236*-221_darius-executioner-signature.png,,,
Darius - Executioner (Overnumbered),SFD-236/221,Spiritforged,Showcase,Unit,6,6,1,https://cmsassets.rgpub.io/sanity/images/dsfx7636/game_data_live/4f550f321dce06bb09bb47682d5bf2981280ea16-744x1039.png,api-images/SFD-236-221_darius-executioner-overnumbered.png,,,
Ravenbloom Conservatory,SFD-215/221,Spiritforged,Uncommon,Battlefield,,,,https://cmsassets.rgpub.io/sanity/images/dsfx7636/game_data_live/d4ded211cb972b7f64bad2b99ee53abe8d13e4e2-1039x744.png,api-images/SFD-215-221_ravenbloom-conservatory.png,,,
Not So Fast,SFD-045/221,Spiritforged,Uncommon,Spell,2,,1,https://cmsassets.rgpub.io/sanity/images/dsfx7636/game_data_live/e576fefdce72ad862a7e374bf8c0fd509f359da9-744x1039.png,api-images/SFD-045-221_not-so-fast.png,,,
Gem Jammer,SFD-007/221,Spiritforged,Common,Unit,2,2,,https://cmsassets.rgpub.io/sanity/images/dsfx7636/game_data_live/9f487e8a76e6e6b9f2e32de0c9c147be42f49e59-744x1039.png,api-images/SFD-007-221_gem-jammer.png,,,
Dunebreaker,SFD-027/221,Spiritforged,Epic,Unit,7,7,1,https://cmsassets.rgpub.io/sanity/images/dsfx7636/game_data_live/fa17369233dfc68e011d16b7b98971a6f8743c3e-744x1039.png,api-images/SFD-027-221_dunebreaker.png,,,
Ezreal - Dashing,SFD-082/221,Spiritforged,Rare,Unit,4,3,1,https://cmsassets.rgpub.io/sanity/images/dsfx7636/game_data_live/3e040f7b7ca16009a2558674a911b8cc93122ba3-744x1039.png,api-images/SFD-082-221_ezreal-dashing.png,,,
Vex - Cheerless,SFD-146/221,Spiritforged,Rare,Unit,5,5,1,https://cmsassets.rgpub.io/sanity/images/dsfx7636/game_data_live/e9025578c7b5845a1a9c9a83e045bcbe71a76e71-744x1039.png,api-images/SFD-146-221_vex-cheerless.png,,,
Power Nexus,SFD-214/221,Spiritforged,Uncommon,Battlefield,,,,https://cmsassets.rgpub.io/sanity/images/dsfx7636/game_data_live/653db9a5f2aead0191c8d61da3d1876fb894b545-1039x744.png,api-images/SFD-214-221_power-nexus.png,,,
Aphelios - Exalted,SFD-049/221,Spiritforged,Rare,Unit,4,4,1,https://cmsassets.rgpub.io/sanity/images/dsfx7636/game_data_live/df9ccbba2501059e5781a44434745a1f0e33ecae-744x1039.png,api-images/SFD-049-221_aphelios-exalted.png,,,
Void Hatchling,SFD-018/221,Spiritforged,Uncommon,Unit,2,2,,https://cmsassets.rgpub.io/sanity/images/dsfx7636/game_data_live/a909782d0a30f31f9414c99ba143fa570a3cb456-744x1039.png,api-images/SFD-018-221_void-hatchling.png,,,
Stellacorn Herder,SFD-048/221,Spiritforged,Uncommon,Unit,4,3,,https://cmsassets.rgpub.io/sanity/images/dsfx7636/game_data_live/1e7960a35d45dd55e934260ea23307853aa5afd4-744x1039.png,api-images/SFD-048-221_stellacorn-herder.png,,,
Against the Odds,SFD-001/221,Spiritforged,Common,Spell,2,,,https://cmsassets.rgpub.io/sanity/images/dsfx7636/game_data_live/4c4ab0c838854ccd5d5399a045835876450287e8-744x1039.png,api-images/SFD-001-221_against-the-odds.png,,,
Doran's Blade,SFD-095/221,Spiritforged,Common,Gear,2,,,https://cmsassets.rgpub.io/sanity/images/dsfx7636/game_data_live/53fc0c307c83871c9755a496764ef7d6aa11f510-744x1039.png,api-images/SFD-095-221_doran-s-blade.png,,,
Thwonk!,SFD-040/221,Spiritforged,Common,Spell,2,,,https://cmsassets.rgpub.io/sanity/images/dsfx7636/game_data_live/c414fdba5e47db294b8364a07f1258bc3e204c51-744x1039.png,api-images/SFD-040-221_thwonk.png,,,
Brutalizer,SFD-042/221,Spiritforged,Uncommon,Gear,2,,,https://cmsassets.rgpub.io/sanity/images/dsfx7636/game_data_live/3a0de7eec3de501f79f33c09b43c7fe42721d10d-744x1039.png,api-images/SFD-042-221_brutalizer.png,,,
Azir - Ascendant (Alternate Art),SFD-050A/221,Spiritforged,Showcase,Unit,6,6,1,https://cmsassets.rgpub.io/sanity/images/dsfx7636/game_data_live/3a0859ca50e71c69b22e4dab93e840b6d30e3d50-744x1039.png,api-images/SFD-050A-221_azir-ascendant-alternate-art.png,,,
Azir - Ascendant,SFD-050/221,Spiritforged,Rare,Unit,6,6,1,https://cmsassets.rgpub.io/sanity/images/dsfx7636/game_data_live/3c42c02f6ebd2e4d4a640c2c6ac081231439888e-744x1039.png,api-images/SFD-050-221_azir-ascendant.png,,,
Jax - Unmatched,SFD-054/221,Spiritforged,Rare,Unit,5,5,1,https://cmsassets.rgpub.io/sanity/images/dsfx7636/game_data_live/3d425589c74dbff818fa09db134fdd8bb7136420-744x1039.png,api-images/SFD-054-221_jax-unmatched.png,,,
Jax - Unmatched (Alternate Art),SFD-054A/221,Spiritforged,Showcase,Unit,5,5,1,https://cmsassets.rgpub.io/sanity/images/dsfx7636/game_data_live/1d2eae793e415c5f53d7b11c335b5f0ed08c2086-744x1039.png,api-images/SFD-054A-221_jax-unmatched-alternate-art.png,,,
Needlessly Large Yordle,SFD-055/221,Spiritforged,Rare,Unit,10,5,3,https://cmsassets.rgpub.io/sanity/images/dsfx7636/game_data_live/952dcaf9fd4b5f3e8592d140c11d792175597da1-744x1039.png,api-images/SFD-055-221_needlessly-large-yordle.png,,,
Ornn - Blacksmith,SFD-058/221,Spiritforged,Epic,Unit,5,5,1,https://cmsassets.rgpub.io/sanity/images/dsfx7636/game_data_live/77b48a28f48f26714f4bcf860379945a2d7186aa-744x1039.png,api-images/SFD-058-221_ornn-blacksmith.png,,,
Ornn - Blacksmith (Alternate Art),SFD-058A/221,Spiritforged,Showcase,Unit,5,5,1,https://cmsassets.rgpub.io/sanity/images/dsfx7636/game_data_live/e0621bba6475425d93191677b2b120c07a8efe20-744x1039.png,api-images/SFD-058A-221_ornn-blacksmith-alternate-art.png,,,
Tianna Crownguard,SFD-060/221,Spiritforged,Epic,Unit,7,4,2,https://cmsassets.rgpub.io/sanity/images/dsfx7636/game_data_live/2a1876aeedae7310409d0eaaf453507188b0c82b-744x1039.png,api-images/SFD-060-221_tianna-crownguard.png,,,
Bubble Bot,SFD-062/221,Spiritforged,Common,Unit,3,3,,https://cmsassets.rgpub.io/sanity/images/dsfx7636/game_data_live/c0fe9df24ae4b8a5b4fb8276b1bd6c5a5f5f7b2b-744x1039.png,api-images/SFD-062-221_bubble-bot.png,,,
Chemtech Cask,SFD-063/221,Spiritforged,Common,Gear,1,,,https://cmsassets.rgpub.io/sanity/images/dsfx7636/game_data_live/39071feea6d3739a834a83b1841f496bdfc3a59a-744x1039.png,api-images/SFD-063-221_chemtech-cask.png,,,
Breakneck Mech,SFD-071/221,Spiritforged,Uncommon,Unit,8,7,2,https://cmsassets.rgpub.io/sanity/images/dsfx7636/game_data_live/8564fc233cfcb4fc774ac4bc4ee72085d7586163-744x1039.png,api-images/SFD-071-221_breakneck-mech.png,,,
Experimental Hexplate,SFD-073/221,Spiritforged,Uncommon,Gear,1,,,https://cmsassets.rgpub.io/sanity/images/dsfx7636/game_data_live/940a5e9796d4ac10a238d9b2612545c04bd9a570-744x1039.png,api-images/SFD-073-221_experimental-hexplate.png,,,
Prize of Progress,SFD-075/221,Spiritforged,Uncommon,Unit,4,3,1,https://cmsassets.rgpub.io/sanity/images/dsfx7636/game_data_live/c08f0b6ed24415e6a440a17931c7e2a2db3ab2cc-744x1039.png,api-images/SFD-075-221_prize-of-progress.png,,,
Obelisk of Power,OGN-284/298,Origins,Uncommon,Battlefield,,,,https://cmsassets.rgpub.io/sanity/images/dsfx7636/game_data_live/649437d1dec8abcaae4fbbef64f06b8b679a8c2f-1038x744.png,api-images/OGN-284-298_obelisk-of-power.png,,,
The Dreaming Tree,OGN-292/298,Origins,Uncommon,Battlefield,,,,https://cmsassets.rgpub.io/sanity/images/dsfx7636/game_data_live/82a30070a1461db889539b4b4b3c678990e19b6c-1038x744.png,api-images/OGN-292-298_the-dreaming-tree.png,,,
The Candlelit Sanctum,OGN-291/298,Origins,Uncommon,Battlefield,,,,https://cmsassets.rgpub.io/sanity/images/dsfx7636/game_data_live/f14fe78f2b7f3909eadb07bce24bd582e190653d-1038x744.png,api-images/OGN-291-298_the-candlelit-sanctum.png,,,
The Arena's Greatest,OGN-290/298,Origins,Uncommon,Battlefield,,,,https://cmsassets.rgpub.io/sanity/images/dsfx7636/game_data_live/2afd8bdfdd42b1595af0746a6c6b92879ac770d6-1038x744.png,api-images/OGN-290-298_the-arena-s-greatest.png,,,
Targon's Peak,OGN-289/298,Origins,Uncommon,Battlefield,,,,https://cmsassets.rgpub.io/sanity/images/dsfx7636/game_data_live/6ff1b34ad231645910f670496e1662de0b545a44-1038x744.png,api-images/OGN-289-298_targon-s-peak.png,,,
Startipped Peak,OGN-288/298,Origins,Uncommon,Battlefield,,,,https://cmsassets.rgpub.io/sanity/images/dsfx7636/game_data_live/05adde1d8ab40e2a2f832a89ac5c9174ee78796f-1038x744.png,api-images/OGN-288-298_startipped-peak.png,,,
Sigil of the Storm,OGN-287/298,Origins,Uncommon,Battlefield,,,,https://cmsassets.rgpub.io/sanity/images/dsfx7636/game_data_live/9b795e7a2af421aabc01dc6f35c0b5d547fe3c0e-1038x744.png,api-images/OGN-287-298_sigil-of-the-storm.png,,,
Reckoner's Arena,OGN-286/298,Origins,Uncommon,Battlefield,,,,https://cmsassets.rgpub.io/sanity/images/dsfx7636/game_data_live/6b7d867487efcbefa8c3d67043a839497ec50388-1038x744.png,api-images/OGN-286-298_reckoner-s-arena.png,,,
Reaver's Row,OGN-285/298,Origins,Uncommon,Battlefield,,,,https://cmsassets.rgpub.io/sanity/images/dsfx7636/game_data_live/364af10bac81e6ffb8658b0dc0db551608d207ce-1038x744.png,api-images/OGN-285-298_reaver-s-row.png,,,
The Grand Plaza,OGN-293/298,Origins,Uncommon,Battlefield,,,,https://cmsassets.rgpub.io/sanity/images/dsfx7636/game_data_live/f9ca8d04cb269ad99bca7e6dae874cad1bec336a-1038x744.png,api-images/OGN-293-298_the-grand-plaza.png,,,
Navori Fighting Pit,OGN-283/298,Origins,Uncommon,Battlefield,,,,https://cmsassets.rgpub.io/sanity/images/dsfx7636/game_data_live/c03ed3ddf8b764963e4b0745e86a12a5ebcef2a3-1038x744.png,api-images/OGN-283-298_navori-fighting-pit.png,,,
Monastery of Hirana,OGN-282/298,Origins,Uncommon,Battlefield,,,,https://cmsassets.rgpub.io/sanity/images/dsfx7636/game_data_live/8767d9ed30e2873d3fa1045f973be229da56175d-1038x744.png,api-images/OGN-282-298_monastery-of-hirana.png,,,
Hallowed Tomb,OGN-281/298,Origins,Uncommon,Battlefield,,,,https://cmsassets.rgpub.io/sanity/images/dsfx7636/game_data_live/2f29ea42fb3e1c8ce05d2e82f2a2fe0d45851953-1038x744.png,api-images/OGN-281-298_hallowed-tomb.png,,,
Grove of the God-Willow,OGN-280/298,Origins,Uncommon,Battlefield,,,,https://cmsassets.rgpub.io/sanity/images/dsfx7636/game_data_live/1574863000ab23d69cbd388a32b1a09f29f78d5f-1038x744.png,api-images/OGN-280-298_grove-of-the-god-willow.png,,,
Fortified Position,OGN-279/298,Origins,Uncommon,Battlefield,,,,https://cmsassets.rgpub.io/sanity/images/dsfx7636/game_data_live/45363bbd907f4f3717868cb04b3cfed814b3bb32-1038x744.png,api-images/OGN-279-298_fortified-position.png,,,
Bandle Tree,OGN-278/298,Origins,Uncommon,Battlefield,,,,https://cmsassets.rgpub.io/sanity/images/dsfx7636/game_data_live/538f93a34006c4afaddb890cbc75b4db222f1783-1038x744.png,api-images/OGN-278-298_bandle-tree.png,,,
Back-Alley Bar,OGN-277/298,Origins,Uncommon,Battlefield,,,,https://cmsassets.rgpub.io/sanity/images/dsfx7636/game_data_live/3e9f659a32e390b45bc87a01bdd6af4a8a3565f7-1038x744.png,api-images/OGN-277-298_back-alley-bar.png,,,
Volibear - Relentless Storm (Overnumbered),OGN-300/298,Origins,Showcase,Legend,,,,https://cmsassets.rgpub.io/sanity/images/dsfx7636/game_data_live/34aa11c88735be28266dbc61486a557454fd6b4c-1488x2078.png,api-images/OGN-300-298_volibear-relentless-storm-overnumbered.png,,,
Lee Sin - Blind Monk (Overnumbered),OGN-304/298,Origins,Showcase,Legend,,,,https://cmsassets.rgpub.io/sanity/images/dsfx7636/game_data_live/fb6316c39ad2a00d65f4b6cc823cbdd61cadda3b-1488x2078.png,api-images/OGN-304-298_lee-sin-blind-monk-overnumbered.png,,,
Ahri - Nine-Tailed Fox (Signature),OGN-303*/298,Origins,Showcase,Legend,,,,https://cmsassets.rgpub.io/sanity/images/dsfx7636/game_data_live/e5fe571a8f09c0a9e76345ec32b446480f54617c-1488x2078.png,api-images/OGN-303*-298_ahri-nine-tailed-fox-signature.png,,,
Ahri - Nine-Tailed Fox (Overnumbered),OGN-303/298,Origins,Showcase,Legend,,,,https://cmsassets.rgpub.io/sanity/images/dsfx7636/game_data_live/dc89c6a2415debd5bf504ed46843f5dcc1d9b815-1488x2078.png,api-images/OGN-303-298_ahri-nine-tailed-fox-overnumbered.png,,,
Darius - Hand of Noxus (Signature),OGN-302*/298,Origins,Showcase,Legend,,,,https://cmsassets.rgpub.io/sanity/images/dsfx7636/game_data_live/31f3c975c6f5693f6567b0ebdb66bd4dd92d730b-744x1039.png,api-images/OGN-302*-298_darius-hand-of-noxus-signature.png,,,
Darius - Hand of Noxus (Overnumbered),OGN-302/298,Origins,Showcase,Legend,,,,https://cmsassets.rgpub.io/sanity/images/dsfx7636/game_data_live/37d43efe09ccfe5d72ce37fdc27599bd5ef736af-1488x2078.png,api-images/OGN-302-298_darius-hand-of-noxus-overnumbered.png,,,
Jinx - Loose Cannon (Signature),OGN-301*/298,Origins,Showcase,Legend,,,,https://cmsassets.rgpub.io/sanity/images/dsfx7636/game_data_live/30bed82f66ce9e4eae260d029d92c9d8cb1588ab-1488x2078.png,api-images/OGN-301*-298_jinx-loose-cannon-signature.png,,,
Jinx - Loose Cannon (Overnumbered),OGN-301/298,Origins,Showcase,Legend,,,,https://cmsassets.rgpub.io/sanity/images/dsfx7636/game_data_live/8a7dbbed04133926e58843f1d586f51178ef2ebd-1488x2078.png,api-images/OGN-301-298_jinx-loose-cannon-overnumbered.png,,,
Volibear - Relentless Storm (Signature),OGN-300*/298,Origins,Showcase,Legend,,,,https://cmsassets.rgpub.io/sanity/images/dsfx7636/game_data_live/d5a629ce373a6add09bfacc4b584e509c6332334-1488x2078.png,api-images/OGN-300*-298_volibear-relentless-storm-signature.png,,,
Aspirant's Climb,OGN-276/298,Origins,Uncommon,Battlefield,,,,https://cmsassets.rgpub.io/sanity/images/dsfx7636/game_data_live/9301593f3800e68427469d38181b578a672473c3-1038x744.png,api-images/OGN-276-298_aspirant-s-climb.png,,,
Kai'Sa - Daughter of the Void (Signature),OGN-299*/298,Origins,Showcase,Legend,,,,https://cmsassets.rgpub.io/sanity/images/dsfx7636/game_data_live/ae8e68af43400f61f7391c0a6ee339fd718a7540-1488x2078.png,api-images/OGN-299*-298_kai-sa-daughter-of-the-void-signature.png,,,
Kai'Sa - Daughter of the Void (Overnumbered),OGN-299/298,Origins,Showcase,Legend,,,,https://cmsassets.rgpub.io/sanity/images/dsfx7636/game_data_live/57e13462b8fea9a5cfa1b424d3ad3005f37b00ad-1488x2078.png,api-images/OGN-299-298_kai-sa-daughter-of-the-void-overnumbered.png,,,
Zaun Warrens,OGN-298/298,Origins,Uncommon,Battlefield,,,,https://cmsassets.rgpub.io/sanity/images/dsfx7636/game_data_live/458ee40086c77b43b98c2decbaf33a4aa2359bb9-1038x744.png,api-images/OGN-298-298_zaun-warrens.png,,,
Windswept Hillock,OGN-297/298,Origins,Uncommon,Battlefield,,,,https://cmsassets.rgpub.io/sanity/images/dsfx7636/game_data_live/aba557a4053fd76c6aa95b2b907ec682bad70d9f-1038x744.png,api-images/OGN-297-298_windswept-hillock.png,,,
Void Gate,OGN-296/298,Origins,Uncommon,Battlefield,,,,https://cmsassets.rgpub.io/sanity/images/dsfx7636/game_data_live/14a52a367fd41fd84745e050e62d1f281f733467-1038x744.png,api-images/OGN-296-298_void-gate.png,,,
Vilemaw's Lair,OGN-295/298,Origins,Uncommon,Battlefield,,,,https://cmsassets.rgpub.io/sanity/images/dsfx7636/game_data_live/f374b90a0bec11a5f423e7d4ebd869ab1a146471-1038x744.png,api-images/OGN-295-298_vilemaw-s-lair.png,,,
Trifarian War Camp,OGN-294/298,Origins,Uncommon,Battlefield,,,,https://cmsassets.rgpub.io/sanity/images/dsfx7636/game_data_live/3788cf718e716e35a7fa20ec1dc56991644e6484-1038x744.png,api-images/OGN-294-298_trifarian-war-camp.png,,,
Kai'Sa - Daughter of the Void,OGN-247/298,Origins,Rare,Legend,,,,https://cmsassets.rgpub.io/sanity/images/dsfx7636/game_data_live/a576472c7bb00f475882ac814e1d8f9be233b402-744x1040.png,api-images/OGN-247-298_kai-sa-daughter-of-the-void.png,,,
Ahri - Nine-Tailed Fox,OGN-255/298,Origins,Rare,Legend,,,,https://cmsassets.rgpub.io/sanity/images/dsfx7636/game_data_live/fbce641f5e4d8cdf2956e8ead5884b6cd3ccd90d-744x1040.png,api-images/OGN-255-298_ahri-nine-tailed-fox.png,,,
Noxian Guillotine,OGN-254/298,Origins,Epic,Spell,4,,1,https://cmsassets.rgpub.io/sanity/images/dsfx7636/game_data_live/57f646b0393b58b657cfabf66357d9fc4a34e046-744x1039.png,api-images/OGN-254-298_noxian-guillotine.png,,,
Darius - Hand of Noxus,OGN-253/298,Origins,Rare,Legend,,,,https://cmsassets.rgpub.io/sanity/images/dsfx7636/game_data_live/5b9a904048b7fb936377844ec2d31564b7fedf81-744x1039.png,api-images/OGN-253-298_darius-hand-of-noxus.png,,,
Super Mega Death Rocket!,OGN-252/298,Origins,Epic,Spell,4,,1,https://cmsassets.rgpub.io/sanity/images/dsfx7636/game_data_live/95d6fd4d7944e759cfe7ee5e208fa329b719333b-744x1039.png,api-images/OGN-252-298_super-mega-death-rocket.png,,,
Jinx - Loose Cannon,OGN-251/298,Origins,Rare,Legend,,,,https://cmsassets.rgpub.io/sanity/images/dsfx7636/game_data_live/f57c14381b126e9f5a7b5bc4913151cb24c14fc3-744x1039.png,api-images/OGN-251-298_jinx-loose-cannon.png,,,
Stormbringer,OGN-250/298,Origins,Epic,Spell,6,,2,https://cmsassets.rgpub.io/sanity/images/dsfx7636/game_data_live/d86c4137cc7f77f103cd7d6228125df8cb9a54e1-744x1039.png,api-images/OGN-250-298_stormbringer.png,,,
Volibear - Relentless Storm,OGN-249/298,Origins,Rare,Legend,,,,https://cmsassets.rgpub.io/sanity/images/dsfx7636/game_data_live/f1842ef373434db3e8109d8959832f9d184866c3-744x1040.png,api-images/OGN-249-298_volibear-relentless-storm.png,,,
Icathian Rain,OGN-248/298,Origins,Epic,Spell,7,,3,https://cmsassets.rgpub.io/sanity/images/dsfx7636/game_data_live/8df37f633d3da734f3f2d85808a7cb9eadec1b04-744x1039.png,api-images/OGN-248-298_icathian-rain.png,,,
Fox-Fire,OGN-256/298,Origins,Epic,Spell,3,,,https://cmsassets.rgpub.io/sanity/images/dsfx7636/game_data_live/7ad9d6a46a1c54080d54950a0044da3a82e32b45-744x1039.png,api-images/OGN-256-298_fox-fire.png,,,
Viktor - Leader (Alternate Art),OGN-246A/298,Origins,Showcase,Unit,4,4,1,https://cmsassets.rgpub.io/sanity/images/dsfx7636/game_data_live/19b66f8eccd6d6e9d41048f73e44660f1cf77068-744x1039.png,api-images/OGN-246A-298_viktor-leader-alternate-art.png,,,
Viktor - Leader,OGN-246/298,Origins,Epic,Unit,4,4,1,https://cmsassets.rgpub.io/sanity/images/dsfx7636/game_data_live/ab390d6d074c3f07abba000cc166faa1796ec464-744x1039.png,api-images/OGN-246-298_viktor-leader.png,,,
Seal of Unity,OGN-245/298,Origins,Epic,Gear,0,,1,https://cmsassets.rgpub.io/sanity/images/dsfx7636/game_data_live/e6fbd41d69bc0d235ea7993d2e9fa74e75e17dff-744x1039.png,api-images/OGN-245-298_seal-of-unity.png,,,
Divine Judgment,OGN-244/298,Origins,Epic,Spell,7,,2,https://cmsassets.rgpub.io/sanity/images/dsfx7636/game_data_live/995778eea2e24fdc62ade38c2baa25b9f1e6ab79-744x1039.png,api-images/OGN-244-298_divine-judgment.png,,,
Darius - Executioner (Alternate Art),OGN-243A/298,Origins,Showcase,Unit,6,6,1,https://cmsassets.rgpub.io/sanity/images/dsfx7636/game_data_live/76a697f29d4fc3cd9a5e9a0ce79f229d26bc0c90-744x1039.png,api-images/OGN-243A-298_darius-executioner-alternate-art.png,,,
Darius - Executioner,OGN-243/298,Origins,Epic,Unit,6,6,1,https://cmsassets.rgpub.io/sanity/images/dsfx7636/game_data_live/7b71cf13a07074a6eccbe88ae6c74133d989cb68-744x1039.png,api-images/OGN-243-298_darius-executioner.png,,,
Baited Hook,OGN-242/298,Origins,Epic,Gear,3,,,https://cmsassets.rgpub.io/sanity/images/dsfx7636/game_data_live/7b4e6a1e32878a7d5fe4e40869c83e47ea08de7c-744x1039.png,api-images/OGN-242-298_baited-hook.png,,,
Lee Sin - Blind Monk (Signature),OGN-304*/298,Origins,Showcase,Legend,,,,https://cmsassets.rgpub.io/sanity/images/dsfx7636/game_data_live/b4dfd543b1cfcdefba4568fe78146e0d6e46add7-1488x2078.png,api-images/OGN-304*-298_lee-sin-blind-monk-signature.png,,,
Lee Sin - Blind Monk,OGN-257/298,Origins,Rare,Legend,,,,https://cmsassets.rgpub.io/sanity/images/dsfx7636/game_data_live/ffe064e002d3b9a366748eb85102a769b2545835-744x1039.png,api-images/OGN-257-298_lee-sin-blind-monk.png,,,
Dragon's Rage,OGN-258/298,Origins,Epic,Spell,4,,1,https://cmsassets.rgpub.io/sanity/images/dsfx7636/game_data_live/7f4cbd4fb340cc13b3fbe0ec0db706464d9b29f4-744x1039.png,api-images/OGN-258-298_dragon-s-rage.png,,,
Yasuo - Unforgiven,OGN-259/298,Origins,Rare,Legend,,,,https://cmsassets.rgpub.io/sanity/images/dsfx7636/game_data_live/68e4d3230b785738ae9d86f780f7f5607ef11807-744x1040.png,api-images/OGN-259-298_yasuo-unforgiven.png,,,
Last Breath,OGN-260/298,Origins,Epic,Spell,3,,2,https://cmsassets.rgpub.io/sanity/images/dsfx7636/game_data_live/e7e6dc840210124825f787095541a66ae5cea178-744x1039.png,api-images/OGN-260-298_last-breath.png,,,
Leona - Radiant Dawn,OGN-261/298,Origins,Rare,Legend,,,,https://cmsassets.rgpub.io/sanity/images/dsfx7636/game_data_live/822b8bc7987a47498550708b18ef166b121fd620-744x1039.png,api-images/OGN-261-298_leona-radiant-dawn.png,,,
Zenith Blade,OGN-262/298,Origins,Epic,Spell,3,,2,https://cmsassets.rgpub.io/sanity/images/dsfx7636/game_data_live/a572f0bc3ed1bd47c5759d36f5b951b15338e57e-744x1039.png,api-images/OGN-262-298_zenith-blade.png,,,
Teemo - Swift Scout,OGN-263/298,Origins,Rare,Legend,,,,https://cmsassets.rgpub.io/sanity/images/dsfx7636/game_data_live/9723181e3392bb61c2aabc804a44f7b0558cedf1-744x1039.png,api-images/OGN-263-298_teemo-swift-scout.png,,,
Guerilla Warfare,OGN-264/298,Origins,Epic,Spell,2,,1,https://cmsassets.rgpub.io/sanity/images/dsfx7636/game_data_live/3a1f70e49f1fdbac907a3395f517e96717e8afea-744x1039.png,api-images/OGN-264-298_guerilla-warfare.png,,,
Viktor - Herald of the Arcane,OGN-265/298,Origins,Rare,Legend,,,,https://cmsassets.rgpub.io/sanity/images/dsfx7636/game_data_live/913236dabf1e4f71650bbba46870fff8163e2eff-744x1039.png,api-images/OGN-265-298_viktor-herald-of-the-arcane.png,,,
Siphon Power,OGN-266/298,Origins,Epic,Spell,2,,1,https://cmsassets.rgpub.io/sanity/images/dsfx7636/game_data_live/b449170ba312711c82708d1fea2b044822ce5eaa-744x1039.png,api-images/OGN-266-298_siphon-power.png,,,
Miss Fortune - Bounty Hunter,OGN-267/298,Origins,Rare,Legend,,,,https://cmsassets.rgpub.io/sanity/images/dsfx7636/game_data_live/cc11261fcdbf0851525030bd9e835b718efad3bc-744x1040.png,api-images/OGN-267-298_miss-fortune-bounty-hunter.png,,,
Bullet Time,OGN-268/298,Origins,Epic,Spell,1,,,https://cmsassets.rgpub.io/sanity/images/dsfx7636/game_data_live/96ed7f6b121a7f46003534393350838efe2776f0-744x1039.png,api-images/OGN-268-298_bullet-time.png,,,
Sett - The Boss,OGN-269/298,Origins,Rare,Legend,,,,https://cmsassets.rgpub.io/sanity/images/dsfx7636/game_data_live/b132becb843b2cf418cb110ead64758f49f51554-744x1039.png,api-images/OGN-269-298_sett-the-boss.png,,,
Showstopper,OGN-270/298,Origins,Epic,Spell,1,,1,https://cmsassets.rgpub.io/sanity/images/dsfx7636/game_data_live/c9b6f7a7cca1589fb53276f74ac8bc547b31e5ec-744x1039.png,api-images/OGN-270-298_showstopper.png,,,
Altar to Unity,OGN-275/298,Origins,Uncommon,Battlefield,,,,https://cmsassets.rgpub.io/sanity/images/dsfx7636/game_data_live/2392529560dc9af72596c6fc65b4c0356bbc44d1-1038x744.png,api-images/OGN-275-298_altar-to-unity.png,,,
Garen - Might of Demacia (Starter),OGS-023/024,Proving Grounds,Rare,Legend,,,,https://cmsassets.rgpub.io/sanity/images/dsfx7636/game_data_live/e7185deb46f17770802d06aeddfe3b929afff880-744x1039.png,api-images/OGS-023-024_garen-might-of-demacia-starter.png,,,
Long Sword,SFD-022/221,Spiritforged,Rare,Gear,2,,1,https://cmsassets.rgpub.io/sanity/images/dsfx7636/game_data_live/48d798bf93afd1ef139dcafc6cd8705742b93169-744x1039.png,api-images/SFD-022-221_long-sword.png,,,
Guardian Angel,SFD-051/221,Spiritforged,Rare,Gear,2,,,https://cmsassets.rgpub.io/sanity/images/dsfx7636/game_data_live/d09a797345659a1853d6d12910cf3c634990ea0c-744x1039.png,api-images/SFD-051-221_guardian-angel.png,,,
Sterak's Gage,SFD-056/221,Spiritforged,Rare,Gear,3,,2,https://cmsassets.rgpub.io/sanity/images/dsfx7636/game_data_live/df16e6b668fc6771ff657512deba1bf48363e23a-744x1039.png,api-images/SFD-056-221_sterak-s-gage.png,,,
Svellsongur,SFD-059/221,Spiritforged,Epic,Gear,3,,1,https://cmsassets.rgpub.io/sanity/images/dsfx7636/game_data_live/bc254398dfb5db217327b56862011a2fd6020789-744x1039.png,api-images/SFD-059-221_svellsongur.png,,,
Blade of the Ruined King,SFD-178/221,Spiritforged,Epic,Gear,3,,1,https://cmsassets.rgpub.io/sanity/images/dsfx7636/game_data_live/26ab126258a15afd380c313e973f7469808ce55f-744x1039.png,api-images/SFD-178-221_blade-of-the-ruined-king.png,,,
Spinning Axe,SFD-186/221,Spiritforged,Epic,Gear,2,,1,https://cmsassets.rgpub.io/sanity/images/dsfx7636/game_data_live/e4e0328034e605d000e23ac5e820d233f0e3b520-744x1039.png,api-images/SFD-186-221_spinning-axe.png,,,
Trinity Force,SFD-115/221,Spiritforged,Rare,Gear,4,,,https://cmsassets.rgpub.io/sanity/images/dsfx7636/game_data_live/e8b64985389e5792afc2a2fe0dc23ae7590d7709-744x1039.png,api-images/SFD-115-221_trinity-force.png,,,
Decisive Strike,OGS-024/024,Proving Grounds,Epic,Spell,5,,1,https://cmsassets.rgpub.io/sanity/images/dsfx7636/game_data_live/986782271be078c184a8d1c196e375106459c6c5-744x1039.png,api-images/OGS-024-024_decisive-strike.png,,,
Doran's Shield,SFD-033/221,Spiritforged,Common,Gear,1,,,https://cmsassets.rgpub.io/sanity/images/dsfx7636/game_data_live/49a24d4c6d770ed233c4a69bf8d87385bfc997d8-744x1039.png,api-images/SFD-033-221_doran-s-shield.png,,,
Final Spark,OGS-022/024,Proving Grounds,Epic,Spell,8,,,https://cmsassets.rgpub.io/sanity/images/dsfx7636/game_data_live/4558a2dc1bb1f1b8a73ec0d82244654e84b12687-744x1039.png,api-images/OGS-022-024_final-spark.png,,,
Lux - Lady of Luminosity (Starter),OGS-021/024,Proving Grounds,Rare,Legend,,,,https://cmsassets.rgpub.io/sanity/images/dsfx7636/game_data_live/44885d811b70621b188d9813b2b10b5cff1b81e6-744x1039.png,api-images/OGS-021-024_lux-lady-of-luminosity-starter.png,,,
Highlander,OGS-020/024,Proving Grounds,Epic,Spell,4,,,https://cmsassets.rgpub.io/sanity/images/dsfx7636/game_data_live/18c0818cbbfdf26a1237b4f7703b1f035f47b014-744x1039.png,api-images/OGS-020-024_highlander.png,,,
Master Yi - Wuju Bladesman (Starter),OGS-019/024,Proving Grounds,Rare,Legend,,,,https://cmsassets.rgpub.io/sanity/images/dsfx7636/game_data_live/8231ced23eaf22ca3bf62ec8cb86b83a3e222da6-744x1039.png,api-images/OGS-019-024_master-yi-wuju-bladesman-starter.png,,,
Tibbers,OGS-018/024,Proving Grounds,Epic,Unit,8,7,2,https://cmsassets.rgpub.io/sanity/images/dsfx7636/game_data_live/74f8bc78573b33d9979b0e9c121b858d770a490c-744x1039.png,api-images/OGS-018-024_tibbers.png,,,
Annie - Dark Child (Starter),OGS-017/024,Proving Grounds,Rare,Legend,,,,https://cmsassets.rgpub.io/sanity/images/dsfx7636/game_data_live/89963e1d1cffd69c620fb5d6b037f50d5c334463-744x1039.png,api-images/OGS-017-024_annie-dark-child-starter.png,,,
Vanguard Attendant,OGS-016/024,Proving Grounds,Common,Unit,6,5,1,https://cmsassets.rgpub.io/sanity/images/dsfx7636/game_data_live/4ce467c1d51a65ab4fbae918dca38ae90b510844-744x1039.png,api-images/OGS-016-024_vanguard-attendant.png,,,
Recruit the Vanguard,OGS-015/024,Proving Grounds,Uncommon,Spell,6,,,https://cmsassets.rgpub.io/sanity/images/dsfx7636/game_data_live/81d1c47459606f7b627778cce9b5f0e44d80f7fa-744x1039.png,api-images/OGS-015-024_recruit-the-vanguard.png,,,
Sivir - Battle Mistress,SFD-203/221,Spiritforged,Rare,Legend,,,,https://cmsassets.rgpub.io/sanity/images/dsfx7636/game_data_live/fd060882c32a8deac04aea4241c6ab7b97236a05-744x1039.png,api-images/SFD-203-221_sivir-battle-mistress.png,,,
Renata Glasc - Chem-Baroness,SFD-201/221,Spiritforged,Rare,Legend,,,,https://cmsassets.rgpub.io/sanity/images/dsfx7636/game_data_live/4bd289c281ad64229061ff909abf88c12a574833-744x1039.png,api-images/SFD-201-221_renata-glasc-chem-baroness.png,,,
Azir - Emperor of the Sands,SFD-197/221,Spiritforged,Rare,Legend,,,,https://cmsassets.rgpub.io/sanity/images/dsfx7636/game_data_live/0472274c49f6540858758ebf9bd2f107a601541a-744x1039.png,api-images/SFD-197-221_azir-emperor-of-the-sands.png,,,
Irelia - Blade Dancer,SFD-195/221,Spiritforged,Rare,Legend,,,,https://cmsassets.rgpub.io/sanity/images/dsfx7636/game_data_live/656ef2d1724b818e9e737ec5dcce923de067a316-744x1039.png,api-images/SFD-195-221_irelia-blade-dancer.png,,,
Draven - Glorious Executioner,SFD-185/221,Spiritforged,Rare,Legend,,,,https://cmsassets.rgpub.io/sanity/images/dsfx7636/game_data_live/b01b2d0454ceeffdc106c4c64a390b275ebf390b-744x1039.png,api-images/SFD-185-221_draven-glorious-executioner.png,,,
Overzealous Fan,SFD-128/221,Spiritforged,Common,Unit,2,2,,https://cmsassets.rgpub.io/sanity/images/dsfx7636/game_data_live/922d7f337fbf14f0d62d43f69ca2a1e7480dd022-744x1039.png,api-images/SFD-128-221_overzealous-fan.png,,,
Lucian - Merciless,SFD-113/221,Spiritforged,Rare,Unit,3,3,,https://cmsassets.rgpub.io/sanity/images/dsfx7636/game_data_live/bc192b6e22e7a277c53f035809c59db4548a0fd5-744x1039.png,api-images/SFD-113-221_lucian-merciless.png,,,
Draven - Vanquisher,SFD-020/221,Spiritforged,Rare,Unit,4,4,,https://cmsassets.rgpub.io/sanity/images/dsfx7636/game_data_live/8fa3f1fe63392c4744152d98ff781497a4d17b74-744x1039.png,api-images/SFD-020-221_draven-vanquisher.png,,,
Feral Strength,SFD-034/221,Spiritforged,Common,Spell,2,,,https://cmsassets.rgpub.io/sanity/images/dsfx7636/game_data_live/f07842b38914f6bc73235fe07788a3fce89b4785-744x1039.png,api-images/SFD-034-221_feral-strength.png,,,
Ahri - Inquisitive (Overnumbered),SFD-227/221,Spiritforged,Showcase,Unit,3,3,1,https://cmsassets.rgpub.io/sanity/images/dsfx7636/game_data_live/d4c332e90c97e5e70b996598cd4a0f731b77fdef-744x1039.png,api-images/SFD-227-221_ahri-inquisitive-overnumbered.png,,,
Irelia - Blade Dancer (Overnumbered),SFD-246/221,Spiritforged,Showcase,Legend,,,,https://cmsassets.rgpub.io/sanity/images/dsfx7636/game_data_live/8258072391bbb8d24e9d6e603c3ba1434979a911-744x1039.png,api-images/SFD-246-221_irelia-blade-dancer-overnumbered.png,,,
Renata Glasc - Chem-Baroness (Overnumbered),SFD-249/221,Spiritforged,Showcase,Legend,,,,https://cmsassets.rgpub.io/sanity/images/dsfx7636/game_data_live/5df25d5a1351d0a97e103ef8e155991297b86ca9-744x1039.png,api-images/SFD-249-221_renata-glasc-chem-baroness-overnumbered.png,,,
Draven - Vanquisher (Alternate Art),SFD-020A/221,Spiritforged,Showcase,Unit,4,4,,https://cmsassets.rgpub.io/sanity/images/dsfx7636/game_data_live/9019c449004f246de6607bf1829f4f3cabcda200-744x1039.png,api-images/SFD-020A-221_draven-vanquisher-alternate-art.png,,,
Irelia - Fervent,SFD-057/221,Spiritforged,Epic,Unit,5,4,,https://cmsassets.rgpub.io/sanity/images/dsfx7636/game_data_live/fe05fa55781f8036f8bfc9c10bba94326a0c8cc9-744x1039.png,api-images/SFD-057-221_irelia-fervent.png,,,
Irelia - Fervent (Alternate Art),SFD-057A/221,Spiritforged,Showcase,Unit,5,4,,https://cmsassets.rgpub.io/sanity/images/dsfx7636/game_data_live/cef4f73541e0623b4024b483d141d0396f1dddcb-744x1039.png,api-images/SFD-057A-221_irelia-fervent-alternate-art.png,,,
Viktor - Herald of the Arcane (Signature),OGN-308*/298,Origins,Showcase,Legend,,,,https://cmsassets.rgpub.io/sanity/images/dsfx7636/game_data_live/e345a5fc347e6a5835f2afa33492058fdbfcb169-744x1039.png,api-images/OGN-308*-298_viktor-herald-of-the-arcane-signature.png,,,
Recruit (272) // Buff,OGN-272/298,Origins,Common,Unit,,1,,https://cmsassets.rgpub.io/sanity/images/dsfx7636/game_data_live/c168ca334739090a060710dfc440982c3462ac8c-744x1039.png,api-images/OGN-272-298_recruit-272-buff.png,,,
Recruit (271) // Buff,OGN-271/298,Origins,Common,Unit,,1,,https://cmsassets.rgpub.io/sanity/images/dsfx7636/game_data_live/7c3362dc6e6e6fb724ef31b061a44d2976f5b01f-744x1039.png,api-images/OGN-271-298_recruit-271-buff.png,,,
Ahri - Inquisitive (Alternate Art),OGN-119A/298,Origins,Showcase,Unit,3,3,1,https://cmsassets.rgpub.io/sanity/images/dsfx7636/game_data_live/7adc5aa8dba66bf918b8140699cb3a74f7b0efb5-744x1039.png,api-images/OGN-119A-298_ahri-inquisitive-alternate-art.png,,,
Viktor - Innovator (Alternate Art),OGN-117A/298,Origins,Showcase,Unit,4,3,1,https://cmsassets.rgpub.io/sanity/images/dsfx7636/game_data_live/12dfa6b38edc9b23f216c0a1828474f7506d49c0-744x1039.png,api-images/OGN-117A-298_viktor-innovator-alternate-art.png,,,
Sett - The Boss (Signature),OGN-310*/298,Origins,Showcase,Legend,,,,https://cmsassets.rgpub.io/sanity/images/dsfx7636/game_data_live/6e8efcd343dfd37d9d108243a86c2a5a6412f698-744x1039.png,api-images/OGN-310*-298_sett-the-boss-signature.png,,,
Sett - The Boss (Overnumbered),OGN-310/298,Origins,Showcase,Legend,,,,https://cmsassets.rgpub.io/sanity/images/dsfx7636/game_data_live/af042a5ee9ca9cca47b6f9736b33aaa599353516-1488x2078.png,api-images/OGN-310-298_sett-the-boss-overnumbered.png,,,
Miss Fortune - Bounty Hunter (Signature),OGN-309*/298,Origins,Showcase,Legend,,,,https://cmsassets.rgpub.io/sanity/images/dsfx7636/game_data_live/37153cce7f58b2fceb28ea9ff91deb0411f849e2-1488x2078.png,api-images/OGN-309*-298_miss-fortune-bounty-hunter-signature.png,,,
Miss Fortune - Bounty Hunter (Overnumbered),OGN-309/298,Origins,Showcase,Legend,,,,https://cmsassets.rgpub.io/sanity/images/dsfx7636/game_data_live/f4b7f334f442d30ccea4743c641760c5533804b4-1488x2078.png,api-images/OGN-309-298_miss-fortune-bounty-hunter-overnumbered.png,,,
Recruit (273) // Buff,OGN-273/298,Origins,Common,Unit,,1,,https://cmsassets.rgpub.io/sanity/images/dsfx7636/game_data_live/d93ec9a524a2989b9d7ef23c6fc02e8ce39959c2-744x1039.png,api-images/OGN-273-298_recruit-273-buff.png,,,
Viktor - Herald of the Arcane (Overnumbered),OGN-308/298,Origins,Showcase,Legend,,,,https://cmsassets.rgpub.io/sanity/images/dsfx7636/game_data_live/a39902058db800a4318f3333dddb8a62a8751d7c-1488x2078.png,api-images/OGN-308-298_viktor-herald-of-the-arcane-overnumbered.png,,,
Teemo - Swift Scout (Signature),OGN-307*/298,Origins,Showcase,Legend,,,,https://cmsassets.rgpub.io/sanity/images/dsfx7636/game_data_live/4fd9e82cbd96010e2556430970d433022b541a51-1488x2078.png,api-images/OGN-307*-298_teemo-swift-scout-signature.png,,,
Teemo - Swift Scout (Overnumbered),OGN-307/298,Origins,Showcase,Legend,,,,https://cmsassets.rgpub.io/sanity/images/dsfx7636/game_data_live/e2fbf10efaddbabe9241bd2c7b4d059accd1d5a7-1488x2078.png,api-images/OGN-307-298_teemo-swift-scout-overnumbered.png,,,
Leona - Radiant Dawn (Signature),OGN-306*/298,Origins,Showcase,Legend,,,,https://cmsassets.rgpub.io/sanity/images/dsfx7636/game_data_live/bd526a0f9177aaa9ec575add7d02e72b46520070-744x1039.png,api-images/OGN-306*-298_leona-radiant-dawn-signature.png,,,
Leona - Radiant Dawn (Overnumbered),OGN-306/298,Origins,Showcase,Legend,,,,https://cmsassets.rgpub.io/sanity/images/dsfx7636/game_data_live/496d173b74d036a9e28ca1b4383551be0148f13d-1488x2078.png,api-images/OGN-306-298_leona-radiant-dawn-overnumbered.png,,,
Yasuo - Unforgiven (Signature),OGN-305*/298,Origins,Showcase,Legend,,,,https://cmsassets.rgpub.io/sanity/images/dsfx7636/game_data_live/6a06599a299b15175984c1e38d27a3be21258fbe-1488x2078.png,api-images/OGN-305*-298_yasuo-unforgiven-signature.png,,,
Yasuo - Unforgiven (Overnumbered),OGN-305/298,Origins,Showcase,Legend,,,,https://cmsassets.rgpub.io/sanity/images/dsfx7636/game_data_live/2c804ec513085702763a9145fac93a8adb6c4783-1488x2078.png,api-images/OGN-305-298_yasuo-unforgiven-overnumbered.png,,,
Blazing Scorcher,OGN-001/298,Origins,Common,Unit,5,5,,https://cmsassets.rgpub.io/sanity/images/dsfx7636/game_data_live/15ed971e4029a92b362a81ccadf309fb81e40b81-744x1039.png,api-images/OGN-001-298_blazing-scorcher.png,,,
Sprite (274) // Buff,OGN-274/298,Origins,Common,Unit,,3,,https://cmsassets.rgpub.io/sanity/images/dsfx7636/game_data_live/055892752559d2d3d32e76f491a7a0b540e1a669-744x1039.png,api-images/OGN-274-298_sprite-274-buff.png,,,
Annie - Fiery,OGS-001/024,Proving Grounds,Epic,Unit,5,4,1,https://cmsassets.rgpub.io/sanity/images/dsfx7636/game_data_live/532d75dc36a16eb5954253a77366fcceac7aec62-744x1039.png,api-images/OGS-001-024_annie-fiery.png,,,
Firestorm,OGS-002/024,Proving Grounds,Uncommon,Spell,6,,1,https://cmsassets.rgpub.io/sanity/images/dsfx7636/game_data_live/a7a34129e64f0296bf2da166c2b06ed156d568db-744x1039.png,api-images/OGS-002-024_firestorm.png,,,
Incinerate,OGS-003/024,Proving Grounds,Common,Spell,2,,,https://cmsassets.rgpub.io/sanity/images/dsfx7636/game_data_live/46e4eaada1412f9b6c24751bdb3932c6a51e905f-744x1039.png,api-images/OGS-003-024_incinerate.png,,,
Master Yi - Meditative,OGS-004/024,Proving Grounds,Rare,Unit,5,4,1,https://cmsassets.rgpub.io/sanity/images/dsfx7636/game_data_live/5508566c8f05f09492148faa803332a731095eb7-744x1039.png,api-images/OGS-004-024_master-yi-meditative.png,,,
Zephyr Sage,OGS-005/024,Proving Grounds,Uncommon,Unit,6,6,1,https://cmsassets.rgpub.io/sanity/images/dsfx7636/game_data_live/7664b03bb107954195153d9f2f86c5d63682fa4b-744x1039.png,api-images/OGS-005-024_zephyr-sage.png,,,
Lux - Illuminated,OGS-006/024,Proving Grounds,Rare,Unit,6,5,1,https://cmsassets.rgpub.io/sanity/images/dsfx7636/game_data_live/a0d10edf30abb6fde21f5d386e9a7db3c1b0a098-744x1039.png,api-images/OGS-006-024_lux-illuminated.png,,,
Garen - Rugged,OGS-007/024,Proving Grounds,Rare,Unit,6,5,1,https://cmsassets.rgpub.io/sanity/images/dsfx7636/game_data_live/67c22dc29a7a28dabe0f169a7848c25bef1fbda4-744x1039.png,api-images/OGS-007-024_garen-rugged.png,,,
Gentlemen's Duel,OGS-008/024,Proving Grounds,Common,Spell,6,,1,https://cmsassets.rgpub.io/sanity/images/dsfx7636/game_data_live/4568ab827fdcd42d6bb86b1c2de6182e286c9ee9-744x1039.png,api-images/OGS-008-024_gentlemen-s-duel.png,,,
Master Yi - Honed,OGS-009/024,Proving Grounds,Epic,Unit,7,6,1,https://cmsassets.rgpub.io/sanity/images/dsfx7636/game_data_live/0e16976cd6d7ee5a874be9351b428671990fbd25-744x1039.png,api-images/OGS-009-024_master-yi-honed.png,,,
Annie - Stubborn,OGS-010/024,Proving Grounds,Rare,Unit,4,3,1,https://cmsassets.rgpub.io/sanity/images/dsfx7636/game_data_live/44eb968cf0c54e75970588b69eef5c5f5ccc9b24-744x1039.png,api-images/OGS-010-024_annie-stubborn.png,,,
Flash,OGS-011/024,Proving Grounds,Common,Spell,2,,,https://cmsassets.rgpub.io/sanity/images/dsfx7636/game_data_live/4d9cc1c13b75933e509e642213f13359350cd3f9-744x1039.png,api-images/OGS-011-024_flash.png,,,
Blast of Power,OGS-012/024,Proving Grounds,Common,Spell,6,,1,https://cmsassets.rgpub.io/sanity/images/dsfx7636/game_data_live/026f851a703601fce4142c0791e913377c170b47-744x1039.png,api-images/OGS-012-024_blast-of-power.png,,,
Garen - Commander,OGS-013/024,Proving Grounds,Epic,Unit,6,5,1,https://cmsassets.rgpub.io/sanity/images/dsfx7636/game_data_live/cbf2c12d69a86566e4cda07050b2d4495e40187e-744x1039.png,api-images/OGS-013-024_garen-commander.png,,,
Lux - Crownguard,OGS-014/024,Proving Grounds,Epic,Unit,4,2,,https://cmsassets.rgpub.io/sanity/images/dsfx7636/game_data_live/17d0793ad495727e67bb1c94ae0e11cd4705870f-744x1039.png,api-images/OGS-014-024_lux-crownguard.png,,,